DATE,AED,AUD,BDT,BHD,CAD,CHF,CNY,DKK,EUR,GBP,HKD,JPY,KES,KRW,KWD,LKR,MYR,NOK,NZD,OMR,PKR,QAR,RUB,SAR,SEK,SGD,THB,TRY,USD,ZAR
2023-01-01,21.96,55.22,0.0,213.94,60.37,88.44,0.0,11.73,87.1,98.54,10.49,61.7,,0.0,263.76,,0.0,8.27,51.64,209.39,0.0,22.0,,21.46,7.83,60.84,0.0,0.0,82.3,4.74
2023-01-02,21.95,55.43,0.0,213.84,60.43,88.19,0.0,11.76,87.34,98.69,10.47,62.43,,0.0,263.29,,0.0,8.3,51.69,209.4,0.0,21.98,,21.44,7.83,61.05,0.0,0.0,82.25,4.74
2023-01-03,21.96,55.63,0.0,213.97,60.37,88.39,0.0,11.74,87.23,98.79,10.47,63.06,,0.0,263.67,,0.0,8.31,51.88,209.53,0.0,21.99,,21.46,7.83,61.16,0.0,0.0,82.3,4.76
2023-01-04,21.98,55.95,0.0,214.1,60.28,88.11,0.0,11.69,86.79,98.73,10.46,62.84,,0.0,263.53,,0.0,8.2,51.79,209.68,0.0,22.02,,21.47,7.81,61.17,0.0,0.0,82.35,4.8
2023-01-05,21.98,55.59,0.0,214.12,60.62,87.89,0.0,11.69,86.76,98.57,10.47,61.98,,0.0,263.41,,0.0,8.11,51.3,209.68,0.0,22.0,,21.47,7.8,61.05,0.0,0.0,82.36,4.76
2023-01-06,21.92,55.16,0.0,213.58,60.29,87.06,0.0,11.57,85.88,97.38,10.45,61.0,,0.0,262.46,,0.0,7.99,50.89,209.15,0.0,21.94,,21.42,7.67,60.78,0.0,0.0,82.15,4.69
2023-01-07,21.86,55.77,0.0,212.94,60.55,87.58,0.0,11.65,86.56,98.39,10.42,61.64,,0.0,262.2,,0.0,8.15,51.59,208.37,0.0,21.86,,21.36,7.74,60.98,0.0,0.0,81.9,4.68
2023-01-08,21.86,55.77,0.0,212.94,60.55,87.58,0.0,11.65,86.56,98.39,10.42,61.64,,0.0,262.2,,0.0,8.15,51.59,208.37,0.0,21.86,,21.36,7.74,60.98,0.0,0.0,81.9,4.68
2023-01-09,21.86,56.14,0.0,212.93,60.7,87.72,0.0,11.68,86.76,98.68,10.42,61.93,,0.0,262.24,,0.0,8.16,51.88,208.51,0.0,21.86,,21.36,7.76,61.18,0.0,0.0,81.9,4.7
2023-01-10,21.78,55.77,0.0,212.15,60.57,87.92,0.0,11.71,87.02,98.6,10.38,61.42,,0.0,261.5,,0.0,8.18,51.56,207.75,0.0,21.83,,21.3,7.82,60.91,0.0,0.0,81.6,4.71
2023-01-11,21.68,55.53,0.0,211.26,60.14,87.27,0.0,11.66,86.57,98.11,10.33,60.98,,0.0,260.3,,0.0,8.09,51.35,206.88,0.0,21.73,,21.2,7.76,60.68,0.0,0.0,81.26,4.68
2023-01-12,21.68,55.53,0.0,211.26,60.14,87.27,0.0,11.66,86.57,98.11,10.33,60.98,,0.0,260.3,,0.0,8.09,51.35,206.88,0.0,21.73,,21.2,7.76,60.68,0.0,0.0,81.26,4.68
2023-01-13,21.68,55.53,0.0,211.26,60.14,87.27,0.0,11.66,86.57,98.11,10.33,60.98,,0.0,260.3,,0.0,8.09,51.35,206.88,0.0,21.73,,21.2,7.76,60.68,0.0,0.0,81.26,4.68
2023-01-14,21.68,55.53,0.0,211.26,60.14,87.27,0.0,11.66,86.57,98.11,10.33,60.98,,0.0,260.3,,0.0,8.09,51.35,206.88,0.0,21.73,,21.2,7.76,60.68,0.0,0.0,81.26,4.68
2023-01-15,21.68,55.53,0.0,211.26,60.14,87.27,0.0,11.66,86.57,98.11,10.33,60.98,,0.0,260.3,,0.0,8.09,51.35,206.88,0.0,21.73,,21.2,7.76,60.68,0.0,0.0,81.26,4.68
2023-01-16,21.68,55.93,0.0,211.27,60.2,86.93,0.0,11.73,87.21,98.42,10.33,62.69,,0.0,260.71,,0.0,8.16,51.38,206.88,0.0,21.71,,21.2,7.76,61.13,0.0,0.0,81.25,4.67
2023-01-17,21.72,56.19,0.0,211.58,60.34,87.12,0.0,11.78,87.47,98.58,10.34,62.81,,0.0,261.14,,0.0,8.17,51.71,207.18,0.0,21.75,,21.24,7.76,61.2,0.0,0.0,81.38,4.68
2023-01-18,21.71,56.25,0.0,211.5,60.36,87.37,0.0,11.71,86.99,99.15,10.33,61.64,,0.0,260.91,,0.0,8.2,51.94,207.11,0.0,21.82,,21.22,7.76,61.04,0.0,0.0,81.35,4.67
2023-01-19,21.61,55.38,0.0,210.51,59.62,87.62,0.0,11.67,86.79,99.26,10.28,62.7,,0.0,259.89,,0.0,8.1,51.57,206.14,0.0,21.63,,21.12,7.79,60.85,0.0,0.0,80.97,4.63
2023-01-20,21.56,55.42,0.0,210.07,59.69,87.44,0.0,11.7,86.93,99.45,10.25,62.37,,0.0,259.36,,0.0,8.12,51.42,205.71,0.0,21.69,,21.08,7.79,60.72,0.0,0.0,80.8,4.59
2023-01-21,21.56,55.42,0.0,210.07,59.69,87.44,0.0,11.7,86.93,99.45,10.25,62.37,,0.0,259.36,,0.0,8.12,51.42,205.71,0.0,21.69,,21.08,7.79,60.72,0.0,0.0,80.8,4.59
2023-01-22,21.56,55.42,0.0,210.07,59.69,87.44,0.0,11.7,86.93,99.45,10.25,62.37,,0.0,259.36,,0.0,8.12,51.42,205.71,0.0,21.69,,21.08,7.79,60.72,0.0,0.0,80.8,4.59
2023-01-23,21.62,56.09,0.0,210.62,60.31,87.56,0.0,11.8,87.71,99.98,10.28,61.98,,0.0,259.87,,0.0,8.21,52.08,206.22,0.0,21.62,,21.14,7.88,61.12,0.0,0.0,81.0,4.63
2023-01-24,21.65,56.51,0.0,210.98,60.35,87.29,0.0,11.79,87.59,99.8,10.29,61.88,,0.0,260.42,,0.0,8.23,52.34,206.59,0.0,21.66,,21.18,7.89,61.15,0.0,0.0,81.15,4.62
2023-01-25,21.67,57.12,0.0,211.11,60.43,87.3,0.0,11.83,87.85,99.46,10.3,61.89,,0.0,260.65,,0.0,8.21,52.25,206.73,0.0,21.7,,21.2,7.92,61.25,0.0,0.0,81.2,4.63
2023-01-26,21.67,57.12,0.0,211.11,60.43,87.3,0.0,11.83,87.85,99.46,10.3,61.89,,0.0,260.65,,0.0,8.21,52.25,206.73,0.0,21.7,,21.2,7.92,61.25,0.0,0.0,81.2,4.63
2023-01-27,21.64,57.17,0.0,210.85,60.45,87.19,0.0,11.79,87.54,99.86,10.29,62.07,,0.0,260.38,,0.0,8.16,52.3,206.47,0.0,21.79,,21.18,7.84,61.39,0.0,0.0,81.1,4.61
2023-01-28,21.64,57.17,0.0,210.85,60.45,87.19,0.0,11.79,87.54,99.86,10.29,62.07,,0.0,260.38,,0.0,8.16,52.3,206.47,0.0,21.79,,21.18,7.84,61.39,0.0,0.0,81.1,4.61
2023-01-29,21.64,57.17,0.0,210.85,60.45,87.19,0.0,11.79,87.54,99.86,10.29,62.07,,0.0,260.38,,0.0,8.16,52.3,206.47,0.0,21.79,,21.18,7.84,61.39,0.0,0.0,81.1,4.61
2023-01-30,21.68,57.11,0.0,211.24,60.6,87.45,0.0,11.8,87.66,100.05,10.31,62.11,,0.0,260.65,,0.0,8.17,52.32,206.85,0.0,21.83,,21.22,7.83,61.48,0.0,0.0,81.25,4.62
2023-01-31,21.67,56.63,0.0,211.11,60.21,87.07,0.0,11.78,87.44,99.66,10.29,62.01,,0.0,260.62,,0.0,8.09,52.0,206.73,0.0,21.7,,21.2,7.76,61.44,0.0,0.0,81.2,4.57
2023-02-01,21.72,56.84,0.0,211.58,60.75,88.02,0.0,11.81,87.72,99.56,10.31,62.21,,0.0,261.32,,0.0,8.1,51.91,207.18,0.0,21.75,,21.26,7.74,61.55,0.0,0.0,81.38,4.58
2023-02-02,21.78,57.6,0.0,212.18,61.02,88.93,0.0,11.98,89.06,100.19,10.34,62.87,,0.0,262.44,,0.0,8.18,52.71,207.77,0.0,21.92,,21.31,7.87,62.12,0.0,0.0,81.6,4.68
2023-02-03,21.72,56.93,0.0,211.66,60.6,88.42,0.0,11.88,88.35,99.05,10.31,62.93,,0.0,261.55,,0.0,8.07,52.29,207.26,0.0,21.87,,21.26,7.81,61.73,0.0,0.0,81.4,4.66
2023-02-04,21.83,56.07,0.0,212.7,60.68,87.62,0.0,11.79,87.68,97.94,10.36,61.99,,0.0,262.6,,0.0,7.96,51.36,208.14,0.0,21.96,,21.37,7.72,61.43,0.0,0.0,81.8,4.59
2023-02-05,21.83,56.07,0.0,212.7,60.68,87.62,0.0,11.79,87.68,97.94,10.36,61.99,,0.0,262.6,,0.0,7.96,51.36,208.14,0.0,21.96,,21.37,7.72,61.43,0.0,0.0,81.8,4.59
2023-02-06,21.95,56.42,0.0,213.87,60.96,88.19,0.0,11.85,88.08,98.56,10.41,62.01,,0.0,263.71,,0.0,7.99,51.56,209.42,0.0,22.09,,21.49,7.73,61.79,0.0,0.0,82.25,4.6
2023-02-07,21.95,56.54,0.0,213.84,60.94,88.0,0.0,11.8,87.67,98.44,10.41,61.81,,0.0,263.64,,0.0,7.93,51.56,209.4,0.0,22.09,,21.49,7.71,61.63,0.0,0.0,82.25,4.57
2023-02-08,21.95,56.54,0.0,213.84,60.94,88.0,0.0,11.8,87.67,98.44,10.41,61.81,,0.0,263.64,,0.0,7.93,51.56,209.4,0.0,22.09,,21.49,7.71,61.63,0.0,0.0,82.25,4.57
2023-02-09,21.93,56.62,0.0,213.66,60.78,88.55,0.0,11.78,87.55,98.65,10.4,62.2,,0.0,263.49,,0.0,7.94,51.68,209.22,0.0,22.06,,21.47,7.74,61.62,0.0,0.0,82.18,4.54
2023-02-10,21.93,56.62,0.0,213.66,60.78,88.55,0.0,11.78,87.55,98.65,10.4,62.2,,0.0,263.49,,0.0,7.94,51.68,209.22,0.0,22.06,,21.47,7.74,61.62,0.0,0.0,82.18,4.54
2023-02-11,21.93,56.62,0.0,213.66,60.78,88.55,0.0,11.78,87.55,98.65,10.4,62.2,,0.0,263.49,,0.0,7.94,51.68,209.22,0.0,22.06,,21.47,7.74,61.62,0.0,0.0,82.18,4.54
2023-02-12,21.93,56.62,0.0,213.66,60.78,88.55,0.0,11.78,87.55,98.65,10.4,62.2,,0.0,263.49,,0.0,7.94,51.68,209.22,0.0,22.06,,21.47,7.74,61.62,0.0,0.0,82.18,4.54
2023-02-13,21.96,56.29,0.0,213.97,61.18,88.2,0.0,11.71,87.1,98.5,10.42,61.95,,0.0,263.78,,0.0,8.04,51.43,209.53,0.0,22.07,,21.5,7.81,61.39,0.0,0.0,82.3,4.5
2023-02-14,21.96,56.29,0.0,213.97,61.18,88.2,0.0,11.71,87.1,98.5,10.42,61.95,,0.0,263.78,,0.0,8.04,51.43,209.53,0.0,22.07,,21.5,7.81,61.39,0.0,0.0,82.3,4.5
2023-02-15,22.02,56.75,0.0,214.49,61.38,88.65,0.0,11.8,87.81,99.65,10.44,61.68,,0.0,264.13,,0.0,8.06,51.64,210.04,0.0,22.12,,21.55,7.9,61.61,0.0,0.0,82.5,4.5
2023-02-17,21.99,55.94,0.0,214.2,60.75,88.01,0.0,11.72,87.16,97.87,10.43,60.86,,0.0,263.38,,0.0,7.97,50.91,209.76,0.0,22.01,,21.53,7.82,61.16,0.0,0.0,82.39,4.44
2023-02-20,21.96,56.12,0.0,213.97,60.69,88.2,0.0,11.74,87.27,98.3,10.44,60.92,,0.0,263.31,,0.0,7.96,50.9,209.53,0.0,21.99,,21.51,7.83,61.23,0.0,0.0,82.3,4.47
2023-02-21,21.98,56.28,0.0,214.1,60.75,88.35,0.0,11.73,87.2,98.36,10.44,60.9,,0.0,263.4,,0.0,7.99,51.01,209.65,0.0,22.07,,21.52,7.91,61.2,0.0,0.0,82.35,4.45
2023-02-22,21.99,55.75,0.0,214.28,60.51,88.19,0.0,11.73,87.19,99.22,10.44,60.76,,0.0,263.51,,0.0,7.96,50.89,209.83,0.0,22.09,,21.54,7.9,61.18,0.0,0.0,82.42,4.42
2023-02-23,21.98,55.76,0.0,214.2,60.57,87.91,0.0,11.68,86.86,98.76,10.43,60.79,,0.0,263.29,,0.0,7.94,51.03,209.73,0.0,22.06,,21.53,7.89,61.2,0.0,0.0,82.38,4.44
2023-02-24,21.96,55.61,0.0,213.92,60.45,87.43,0.0,11.65,86.63,98.35,10.42,60.76,,0.0,262.8,,0.0,7.95,50.93,209.48,0.0,22.04,,21.5,7.86,60.94,0.0,0.0,82.28,4.43
2023-02-25,21.96,55.61,0.0,213.92,60.45,87.43,0.0,11.65,86.63,98.35,10.42,60.76,,0.0,262.8,,0.0,7.95,50.93,209.48,0.0,22.04,,21.5,7.86,60.94,0.0,0.0,82.28,4.43
2023-02-26,21.96,55.61,0.0,213.92,60.45,87.43,0.0,11.65,86.63,98.35,10.42,60.76,,0.0,262.8,,0.0,7.95,50.93,209.48,0.0,22.04,,21.5,7.86,60.94,0.0,0.0,82.28,4.43
2023-02-27,22.01,54.79,0.0,214.41,60.21,86.89,0.0,11.61,86.29,97.88,10.44,60.11,,0.0,263.21,,0.0,7.89,50.26,209.96,0.0,22.09,,21.55,7.81,60.7,0.0,0.0,82.47,4.38
2023-02-28,21.96,54.93,0.0,213.97,60.24,87.22,0.0,11.65,86.57,98.58,10.42,60.08,,0.0,262.64,,0.0,7.91,50.28,209.53,0.0,22.03,,21.49,7.87,60.71,0.0,0.0,82.3,4.38
2023-03-01,21.9,54.82,0.0,213.4,59.88,86.57,0.0,11.62,86.34,98.2,10.39,59.87,,0.0,262.05,,0.0,7.9,50.47,208.97,0.0,21.96,,21.44,7.82,60.59,0.0,0.0,82.08,4.4
2023-03-02,21.93,54.88,0.0,213.63,59.99,86.48,0.0,11.69,86.84,98.02,10.4,59.91,,0.0,262.38,,0.0,7.85,50.73,209.2,0.0,21.98,,21.46,7.81,60.72,0.0,0.0,82.17,4.43
2023-03-03,21.79,54.62,0.0,212.28,59.79,86.25,0.0,11.57,86.01,97.19,10.33,59.57,,0.0,260.65,,0.0,7.8,50.45,207.89,0.0,21.88,,21.32,7.75,60.3,0.0,0.0,81.65,4.41
2023-03-04,21.72,54.57,0.0,211.64,59.52,86.26,0.0,11.56,85.91,97.38,10.3,59.57,,0.0,259.89,,0.0,7.8,50.22,207.11,0.0,21.77,,21.26,7.74,60.18,0.0,0.0,81.4,4.39
2023-03-05,21.72,54.57,0.0,211.64,59.52,86.26,0.0,11.56,85.91,97.38,10.3,59.57,,0.0,259.89,,0.0,7.8,50.22,207.11,0.0,21.77,,21.26,7.74,60.18,0.0,0.0,81.4,4.39
2023-03-06,21.72,54.53,0.0,211.63,59.52,86.26,0.0,11.58,86.03,97.42,10.3,59.7,,0.0,259.69,,0.0,7.8,50.22,207.24,0.0,21.82,,21.26,7.74,60.22,0.0,0.0,81.4,4.39
2023-03-07,21.72,54.53,0.0,211.63,59.52,86.26,0.0,11.58,86.03,97.42,10.3,59.7,,0.0,259.69,,0.0,7.8,50.22,207.24,0.0,21.82,,21.26,7.74,60.22,0.0,0.0,81.4,4.39
2023-03-08,21.79,53.31,0.0,212.26,58.99,85.94,0.0,11.49,85.4,96.01,10.33,58.99,,0.0,260.29,,0.0,7.6,49.51,207.88,0.0,21.82,,21.32,7.57,59.94,0.0,0.0,81.65,4.28
2023-03-09,21.75,53.19,0.0,211.94,58.68,85.94,0.0,11.49,85.38,95.94,10.32,59.19,,0.0,259.95,,0.0,7.59,49.4,207.4,0.0,21.85,,21.28,7.56,59.87,0.0,0.0,81.52,4.29
2023-03-10,21.81,53.2,0.0,212.49,58.69,87.21,0.0,11.57,85.97,96.8,10.34,59.5,,0.0,260.61,,0.0,7.62,49.44,207.94,0.0,21.91,,21.34,7.58,59.93,0.0,0.0,81.73,4.32
2023-03-11,21.81,53.2,0.0,212.49,58.69,87.21,0.0,11.57,85.97,96.8,10.34,59.5,,0.0,260.61,,0.0,7.62,49.44,207.94,0.0,21.91,,21.34,7.58,59.93,0.0,0.0,81.73,4.32
2023-03-12,21.81,53.2,0.0,212.49,58.69,87.21,0.0,11.57,85.97,96.8,10.34,59.5,,0.0,260.61,,0.0,7.62,49.44,207.94,0.0,21.91,,21.34,7.58,59.93,0.0,0.0,81.73,4.32
2023-03-13,21.82,53.62,0.0,212.58,59.02,88.9,0.0,11.65,86.64,98.13,10.35,61.0,,0.0,261.29,,0.0,7.65,50.07,208.14,0.0,21.91,,21.35,7.59,60.32,0.0,0.0,81.75,4.41
2023-03-14,21.84,53.82,0.0,212.82,59.25,88.87,0.0,11.7,86.97,98.83,10.37,60.86,,0.0,261.68,,0.0,7.69,50.42,208.29,0.0,21.92,,21.37,7.66,60.38,0.0,0.0,81.86,4.4
2023-03-15,21.92,54.11,0.0,213.52,59.54,88.72,0.0,11.7,87.08,98.86,10.39,60.8,,0.0,262.35,,0.0,7.7,50.58,209.1,0.0,21.97,,21.43,7.78,60.66,0.0,0.0,82.12,4.4
2023-03-16,21.98,53.99,0.0,214.15,59.51,87.8,0.0,11.66,86.64,98.79,10.43,61.69,,0.0,263.03,,0.0,7.62,50.24,209.59,0.0,22.05,,21.48,7.72,60.6,0.0,0.0,82.37,4.39
2023-03-17,21.91,54.52,0.0,213.5,59.63,87.87,0.0,11.67,86.75,99.11,10.39,61.33,,0.0,262.13,,0.0,7.63,50.79,208.89,0.0,22.0,,21.43,7.81,60.84,0.0,0.0,82.12,4.38
2023-03-18,21.91,54.52,0.0,213.5,59.63,87.87,0.0,11.67,86.75,99.11,10.39,61.33,,0.0,262.13,,0.0,7.63,50.79,208.89,0.0,22.0,,21.43,7.81,60.84,0.0,0.0,82.12,4.38
2023-03-19,21.91,54.52,0.0,213.5,59.63,87.87,0.0,11.67,86.75,99.11,10.39,61.33,,0.0,262.13,,0.0,7.63,50.79,208.89,0.0,22.0,,21.43,7.81,60.84,0.0,0.0,82.12,4.38
2023-03-20,21.95,54.44,0.0,213.74,59.55,88.1,0.0,11.72,87.09,99.63,10.41,62.44,,0.0,262.96,,0.0,7.63,50.99,209.42,0.0,22.03,,21.46,7.78,60.92,0.0,0.0,82.25,4.38
2023-03-21,21.92,54.46,0.0,213.58,59.69,87.71,0.0,11.76,87.4,100.09,10.41,62.23,,0.0,262.7,,0.0,7.66,50.64,209.02,0.0,22.0,,21.44,7.88,61.0,0.0,0.0,82.15,4.34
2023-03-22,21.92,54.46,0.0,213.58,59.69,87.71,0.0,11.76,87.4,100.09,10.41,62.23,,0.0,262.7,,0.0,7.66,50.64,209.02,0.0,22.0,,21.44,7.88,61.0,0.0,0.0,82.15,4.34
2023-03-23,21.82,54.6,0.0,212.41,59.45,88.56,0.0,11.91,88.52,100.13,10.35,62.15,,0.0,261.94,,0.0,7.83,50.96,208.15,0.0,21.82,,21.33,7.94,61.37,0.0,0.0,81.75,4.41
2023-03-24,21.86,54.13,0.0,212.84,59.32,88.53,0.0,11.83,88.03,99.86,10.37,62.37,,0.0,262.31,,0.0,7.83,50.61,208.38,0.0,22.05,,21.37,7.88,61.29,0.0,0.0,81.9,4.43
2023-03-25,21.86,54.13,0.0,212.84,59.32,88.53,0.0,11.83,88.03,99.86,10.37,62.37,,0.0,262.31,,0.0,7.83,50.61,208.38,0.0,22.05,,21.37,7.88,61.29,0.0,0.0,81.9,4.43
2023-03-26,21.86,54.13,0.0,212.84,59.32,88.53,0.0,11.83,88.03,99.86,10.37,62.37,,0.0,262.31,,0.0,7.83,50.61,208.38,0.0,22.05,,21.37,7.88,61.29,0.0,0.0,81.9,4.43
2023-03-27,21.87,54.01,0.0,213.08,59.34,88.5,0.0,11.77,87.65,99.77,10.37,62.39,,0.0,262.22,,0.0,7.78,50.44,208.54,0.0,21.87,,21.39,7.83,61.13,0.0,0.0,81.96,4.42
2023-03-28,21.82,54.2,0.0,212.53,59.58,88.71,0.0,11.8,87.8,100.1,10.35,62.25,,0.0,261.7,,0.0,7.81,50.56,208.15,0.0,21.84,,21.34,7.85,61.17,0.0,0.0,81.76,4.39
2023-03-29,21.84,54.26,0.0,212.78,59.8,88.14,0.0,11.84,88.1,100.25,10.36,61.78,,0.0,261.81,,0.0,7.85,50.82,208.38,0.0,21.85,,21.36,7.86,61.23,0.0,0.0,81.85,4.41
2023-03-30,21.84,54.26,0.0,212.78,59.8,88.14,0.0,11.84,88.1,100.25,10.36,61.78,,0.0,261.81,,0.0,7.85,50.82,208.38,0.0,21.85,,21.36,7.86,61.23,0.0,0.0,81.85,4.41
2023-03-31,21.81,54.34,0.0,212.46,60.06,88.67,0.0,11.89,88.45,100.63,10.34,61.14,,0.0,261.2,,0.0,7.82,50.91,208.05,0.0,21.82,,21.34,7.84,61.21,0.0,0.0,81.72,4.49
2023-04-01,21.81,54.34,0.0,212.46,60.06,88.67,0.0,11.89,88.45,100.63,10.34,61.14,,0.0,261.2,,0.0,7.82,50.91,208.05,0.0,21.82,,21.34,7.84,61.21,0.0,0.0,81.72,4.49
2023-04-02,21.81,54.34,0.0,212.46,60.06,88.67,0.0,11.89,88.45,100.63,10.34,61.14,,0.0,261.2,,0.0,7.82,50.91,208.05,0.0,21.82,,21.34,7.84,61.21,0.0,0.0,81.72,4.49
2023-04-03,21.9,54.15,0.0,213.31,60.35,88.64,0.0,11.82,87.95,100.17,10.38,61.15,,0.0,261.82,,0.0,7.79,50.62,208.89,0.0,21.92,,21.42,7.82,61.13,0.0,0.0,82.0,4.5
2023-04-04,21.9,54.15,0.0,213.31,60.35,88.64,0.0,11.82,87.95,100.17,10.38,61.15,,0.0,261.82,,0.0,7.79,50.62,208.89,0.0,21.92,,21.42,7.82,61.13,0.0,0.0,82.0,4.5
2023-04-05,21.8,54.64,0.0,212.36,60.41,89.4,0.0,11.94,88.9,101.39,10.34,61.65,,0.0,261.1,,0.0,7.88,51.45,207.95,0.0,21.79,,21.35,7.91,61.24,0.0,0.0,81.68,4.47
2023-04-06,21.76,54.1,0.0,211.99,60.1,89.1,0.0,11.85,88.17,100.81,10.32,61.79,,0.0,260.48,,0.0,7.74,50.87,207.59,0.0,21.76,,21.3,7.78,60.98,0.0,0.0,81.54,4.42
2023-04-07,21.76,54.1,0.0,211.99,60.1,89.1,0.0,11.85,88.17,100.81,10.32,61.79,,0.0,260.48,,0.0,7.74,50.87,207.59,0.0,21.76,,21.3,7.78,60.98,0.0,0.0,81.54,4.42
2023-04-08,21.76,54.1,0.0,211.99,60.1,89.1,0.0,11.85,88.17,100.81,10.32,61.79,,0.0,260.48,,0.0,7.74,50.87,207.59,0.0,21.76,,21.3,7.78,60.98,0.0,0.0,81.54,4.42
2023-04-09,21.76,54.1,0.0,211.99,60.1,89.1,0.0,11.85,88.17,100.81,10.32,61.79,,0.0,260.48,,0.0,7.74,50.87,207.59,0.0,21.76,,21.3,7.78,60.98,0.0,0.0,81.54,4.42
2023-04-10,21.74,53.72,0.0,211.81,59.92,89.12,0.0,11.85,88.18,100.52,10.31,61.06,,0.0,260.3,,0.0,7.72,50.38,207.29,0.0,21.76,,21.29,7.74,60.88,0.0,0.0,81.47,4.37
2023-04-11,21.77,53.86,0.0,212.05,60.07,89.03,0.0,11.84,88.11,100.55,10.32,60.79,,0.0,260.45,,0.0,7.72,50.36,207.64,0.0,21.76,,21.31,7.73,60.88,0.0,0.0,81.56,4.33
2023-04-12,21.79,53.8,0.0,212.29,60.27,89.67,0.0,11.9,88.54,100.87,10.33,60.63,,0.0,261.14,,0.0,7.69,50.13,207.87,0.0,21.83,,21.33,7.78,60.93,0.0,0.0,81.65,4.35
2023-04-13,21.78,54.22,0.0,212.16,60.35,90.2,0.0,11.95,89.01,101.29,10.33,60.87,,0.0,261.21,,0.0,7.78,50.3,207.75,0.0,21.83,,21.32,7.85,61.16,0.0,0.0,81.6,4.35
2023-04-14,21.78,54.22,0.0,212.16,60.35,90.2,0.0,11.95,89.01,101.29,10.33,60.87,,0.0,261.21,,0.0,7.78,50.3,207.75,0.0,21.83,,21.32,7.85,61.16,0.0,0.0,81.6,4.35
2023-04-15,21.73,54.08,0.0,211.64,60.54,90.28,0.0,11.94,88.92,100.44,10.3,60.49,,0.0,260.25,,0.0,7.78,50.05,207.13,0.0,21.78,,21.27,7.84,60.85,0.0,0.0,81.4,4.41
2023-04-16,21.73,54.08,0.0,211.64,60.54,90.28,0.0,11.94,88.92,100.44,10.3,60.49,,0.0,260.25,,0.0,7.78,50.05,207.13,0.0,21.78,,21.27,7.84,60.85,0.0,0.0,81.4,4.41
2023-04-17,21.75,54.1,0.0,211.86,60.6,90.28,0.0,11.94,88.81,100.46,10.31,60.48,,0.0,260.69,,0.0,7.8,50.07,207.47,0.0,21.78,,21.29,7.84,60.81,0.0,0.0,81.49,4.41
2023-04-18,21.78,54.27,0.0,212.21,60.61,90.13,0.0,11.91,88.63,100.46,10.33,60.33,,0.0,261.14,,0.0,7.75,50.11,207.8,0.0,21.86,,21.31,7.85,60.83,0.0,0.0,81.62,4.37
2023-04-19,21.81,54.41,0.0,212.41,60.6,90.32,0.0,11.96,89.0,100.81,10.34,60.49,,0.0,261.28,,0.0,7.75,50.28,208.0,0.0,21.9,,21.34,7.87,60.89,0.0,0.0,81.7,4.4
2023-04-20,21.84,54.29,0.0,212.75,60.36,90.46,0.0,11.96,89.02,101.05,10.36,60.39,,0.0,261.6,,0.0,7.69,49.91,208.33,0.0,21.94,,21.39,7.86,60.97,0.0,0.0,81.83,4.41
2023-04-21,21.81,54.38,0.0,212.46,60.19,90.74,0.0,11.95,88.98,101.03,10.35,60.68,,0.0,261.41,,0.0,7.67,49.88,208.05,0.0,21.84,,21.36,7.89,60.93,0.0,0.0,81.72,4.44
2023-04-22,21.81,54.38,0.0,212.46,60.19,90.74,0.0,11.95,88.98,101.03,10.35,60.68,,0.0,261.41,,0.0,7.67,49.88,208.05,0.0,21.84,,21.36,7.89,60.93,0.0,0.0,81.72,4.44
2023-04-23,21.81,54.38,0.0,212.46,60.19,90.74,0.0,11.95,88.98,101.03,10.35,60.68,,0.0,261.41,,0.0,7.67,49.88,208.05,0.0,21.84,,21.36,7.89,60.93,0.0,0.0,81.72,4.44
2023-04-24,21.8,54.03,0.0,212.38,59.9,90.76,0.0,11.97,89.07,100.96,10.34,60.45,,0.0,261.13,,0.0,7.67,49.7,207.97,0.0,21.92,,21.35,7.88,60.8,0.0,0.0,81.69,4.42
2023-04-25,21.75,53.89,0.0,211.86,59.79,91.08,0.0,12.01,89.41,101.1,10.31,60.3,,0.0,260.45,,0.0,7.7,49.86,207.45,0.0,21.85,,21.3,7.9,60.73,0.0,0.0,81.48,4.4
2023-04-26,21.7,53.12,0.0,211.39,59.29,90.62,0.0,11.97,89.18,100.76,10.29,60.54,,0.0,260.23,,0.0,7.61,49.38,206.98,0.0,21.73,,21.24,7.82,60.55,0.0,0.0,81.3,4.36
2023-04-27,21.7,53.21,0.0,211.39,59.26,90.48,0.0,11.98,89.23,100.81,10.29,60.51,,0.0,260.27,,0.0,7.62,49.43,207.01,0.0,21.73,,21.25,7.84,60.54,0.0,0.0,81.31,4.34
2023-04-28,21.72,53.42,0.0,211.58,59.46,90.21,0.0,11.96,89.06,101.06,10.3,60.47,,0.0,260.58,,0.0,7.62,49.68,207.18,0.0,21.86,,21.27,7.87,60.63,0.0,0.0,81.38,4.36
2023-04-29,21.71,53.4,0.0,211.47,59.44,90.18,0.0,11.95,89.03,101.63,10.3,59.35,,0.0,260.14,,0.0,7.61,49.9,206.96,0.0,21.84,,21.26,7.88,60.59,0.0,0.0,81.35,4.36
2023-04-30,21.71,53.4,0.0,211.47,59.44,90.18,0.0,11.95,89.03,101.63,10.3,59.35,,0.0,260.14,,0.0,7.61,49.9,206.96,0.0,21.84,,21.26,7.88,60.59,0.0,0.0,81.35,4.36
2023-05-01,21.71,53.4,0.0,211.47,59.44,90.18,0.0,11.95,89.03,101.63,10.3,59.35,,0.0,260.14,,0.0,7.61,49.9,206.96,0.0,21.84,,21.26,7.88,60.59,0.0,0.0,81.35,4.36
2023-05-02,21.71,54.01,0.0,211.49,59.74,89.98,0.0,11.92,88.74,100.94,10.3,58.78,,0.0,260.08,,0.0,7.55,49.98,207.13,0.0,21.87,,21.26,7.85,60.57,0.0,0.0,81.35,4.34
2023-05-03,21.72,53.74,0.0,211.56,59.42,90.56,0.0,11.97,89.14,101.02,10.3,59.48,,0.0,260.34,,0.0,7.5,50.33,206.98,0.0,21.89,,21.27,7.87,60.66,0.0,0.0,81.38,4.32
2023-05-04,21.69,53.79,0.0,211.29,59.42,91.25,0.0,12.01,89.43,101.66,10.29,60.07,,0.0,260.36,,0.0,7.54,50.3,206.9,0.0,21.71,,21.23,7.9,60.85,0.0,0.0,81.27,4.37
2023-05-05,21.69,53.79,0.0,211.29,59.42,91.25,0.0,12.01,89.43,101.66,10.29,60.07,,0.0,260.36,,0.0,7.54,50.3,206.9,0.0,21.71,,21.23,7.9,60.85,0.0,0.0,81.27,4.37
2023-05-06,21.7,54.34,0.0,211.38,60.42,90.42,0.0,11.95,88.93,102.14,10.29,59.94,,0.0,260.04,,0.0,7.65,50.77,206.84,0.0,21.87,,21.25,7.95,61.01,0.0,0.0,81.3,4.33
2023-05-07,21.7,54.34,0.0,211.38,60.42,90.42,0.0,11.95,88.93,102.14,10.29,59.94,,0.0,260.04,,0.0,7.65,50.77,206.84,0.0,21.87,,21.25,7.95,61.01,0.0,0.0,81.3,4.33
2023-05-08,21.71,54.5,0.0,211.5,60.45,90.68,0.0,11.98,89.15,102.24,10.3,59.98,,0.0,260.31,,0.0,7.67,50.84,207.11,0.0,21.88,,21.26,7.97,61.02,0.0,0.0,81.35,4.33
2023-05-09,21.81,54.69,0.0,212.4,60.69,90.87,0.0,11.98,89.08,102.44,10.34,60.19,,0.0,261.13,,0.0,7.72,51.26,208.02,0.0,21.98,,21.36,7.99,61.26,0.0,0.0,81.7,4.35
2023-05-10,21.8,54.75,0.0,212.3,60.64,90.97,0.0,11.96,89.0,102.47,10.36,60.07,,0.0,261.08,,0.0,7.69,51.36,207.9,0.0,21.82,,21.34,7.98,61.18,0.0,0.0,81.66,4.3
2023-05-11,21.77,54.72,0.0,212.04,60.59,90.81,0.0,11.95,88.89,102.3,10.35,60.46,,0.0,260.92,,0.0,7.72,51.54,207.64,0.0,21.91,,21.32,7.93,61.18,0.0,0.0,81.56,4.24
2023-05-12,21.81,54.08,0.0,212.41,60.18,90.72,0.0,11.91,88.59,101.62,10.35,60.34,,0.0,261.18,,0.0,7.61,50.69,208.0,0.0,21.97,,21.36,7.86,60.99,0.0,0.0,81.7,4.17
2023-05-13,21.81,54.08,0.0,212.41,60.18,90.72,0.0,11.91,88.59,101.62,10.35,60.34,,0.0,261.18,,0.0,7.61,50.69,208.0,0.0,21.97,,21.36,7.86,60.99,0.0,0.0,81.7,4.17
2023-05-14,21.81,54.08,0.0,212.41,60.18,90.72,0.0,11.91,88.59,101.62,10.35,60.34,,0.0,261.18,,0.0,7.61,50.69,208.0,0.0,21.97,,21.36,7.86,60.99,0.0,0.0,81.7,4.17
2023-05-15,21.84,53.95,0.0,212.72,60.0,90.35,0.0,11.86,88.23,101.32,10.37,59.81,,0.0,261.13,,0.0,7.62,50.35,208.31,0.0,22.0,,21.38,7.84,60.76,0.0,0.0,81.82,4.19
2023-05-16,21.84,54.21,0.0,212.75,60.38,90.66,0.0,11.88,88.41,101.91,10.38,59.82,,0.0,261.12,,0.0,7.68,50.73,208.33,0.0,22.01,,21.39,7.87,60.9,0.0,0.0,81.83,4.21
2023-05-17,21.86,54.01,0.0,212.93,60.44,90.69,0.0,11.88,88.36,101.63,10.38,59.68,,0.0,261.44,,0.0,7.61,50.77,208.51,0.0,22.0,,21.41,7.83,60.73,0.0,0.0,81.9,4.21
2023-05-18,21.93,53.92,0.0,213.59,60.58,90.41,0.0,11.85,88.18,101.53,10.43,59.26,,0.0,262.1,,0.0,7.53,50.8,209.17,0.0,22.09,,21.47,7.79,60.71,0.0,0.0,82.15,4.14
2023-05-19,21.97,54.11,0.0,213.99,60.65,90.19,0.0,11.83,88.02,101.52,10.46,59.12,,0.0,262.49,,0.0,7.51,50.98,209.55,0.0,22.12,,21.52,7.75,60.69,0.0,0.0,82.31,4.18
2023-05-20,21.99,54.25,0.0,214.25,60.67,90.79,0.0,11.88,88.36,101.92,10.47,59.39,,0.0,262.94,,0.0,7.51,51.37,209.65,0.0,22.14,,21.54,7.78,60.92,0.0,0.0,82.4,4.15
2023-05-21,21.99,54.25,0.0,214.25,60.67,90.79,0.0,11.88,88.36,101.92,10.47,59.39,,0.0,262.94,,0.0,7.51,51.37,209.65,0.0,22.14,,21.54,7.78,60.92,0.0,0.0,82.4,4.15
2023-05-22,21.99,54.29,0.0,214.2,60.69,90.98,0.0,11.9,88.52,102.03,10.47,59.52,,0.0,262.87,,0.0,7.54,51.36,209.76,0.0,22.15,,21.54,7.8,60.95,0.0,0.0,82.39,4.15
2023-05-23,22.0,54.28,0.0,214.33,60.72,90.93,0.0,11.89,88.45,101.84,10.46,59.07,,0.0,262.95,,0.0,7.51,51.4,209.88,0.0,22.17,,21.55,7.76,60.88,0.0,0.0,82.44,4.2
2023-05-24,22.0,53.9,0.0,214.31,60.67,90.72,0.0,11.86,88.19,101.79,10.45,59.24,,0.0,262.95,,0.0,7.49,50.52,209.86,0.0,22.08,,21.55,7.72,60.87,0.0,0.0,82.43,4.21
2023-05-25,21.98,53.19,0.0,214.1,60.15,90.09,0.0,11.8,87.77,100.95,10.45,58.63,,0.0,262.47,,0.0,7.46,49.69,209.65,0.0,22.13,,21.52,7.64,60.54,0.0,0.0,82.35,4.18
2023-05-26,21.97,53.01,0.0,214.05,59.98,90.21,0.0,11.79,87.75,100.88,10.44,58.57,,0.0,262.36,,0.0,7.42,49.52,209.6,0.0,22.12,,21.52,7.58,60.51,0.0,0.0,82.33,4.08
2023-05-27,21.97,53.01,0.0,214.05,59.98,90.21,0.0,11.79,87.75,100.88,10.44,58.57,,0.0,262.36,,0.0,7.42,49.52,209.6,0.0,22.12,,21.52,7.58,60.51,0.0,0.0,82.33,4.08
2023-05-28,21.97,53.01,0.0,214.05,59.98,90.21,0.0,11.79,87.75,100.88,10.44,58.57,,0.0,262.36,,0.0,7.42,49.52,209.6,0.0,22.12,,21.52,7.58,60.51,0.0,0.0,82.33,4.08
2023-05-29,21.94,53.09,0.0,213.68,60.05,90.01,0.0,11.77,87.56,100.83,10.43,58.13,,0.0,261.91,,0.0,7.37,49.31,209.25,0.0,22.1,,21.48,7.56,60.4,0.0,0.0,82.19,4.09
2023-05-30,21.95,53.05,0.0,213.86,60.1,90.19,0.0,11.75,87.43,100.96,10.44,58.35,,0.0,262.09,,0.0,7.35,49.19,209.43,0.0,22.12,,21.5,7.56,60.39,0.0,0.0,82.26,4.09
2023-05-31,21.97,52.88,0.0,214.02,59.99,89.91,0.0,11.75,87.41,101.28,10.44,58.53,,0.0,262.33,,0.0,7.28,49.06,209.58,0.0,22.12,,21.52,7.5,60.43,0.0,0.0,82.32,4.08
2023-06-01,21.91,52.91,0.0,213.45,60.14,89.37,0.0,11.72,87.1,101.46,10.41,58.52,,0.0,261.6,,0.0,7.39,48.93,209.02,0.0,22.07,,21.46,7.54,60.4,0.0,0.0,82.1,4.08
2023-06-02,21.87,53.62,0.0,213.03,60.64,89.79,0.0,11.77,87.54,102.04,10.39,58.73,,0.0,261.2,,0.0,7.39,49.53,208.61,0.0,22.02,,21.42,7.56,60.58,0.0,0.0,81.94,4.1
2023-06-03,21.88,53.65,0.0,213.14,60.7,89.39,0.0,11.72,87.13,101.44,10.39,58.25,,0.0,261.18,,0.0,7.42,49.26,208.57,0.0,22.04,,21.43,7.55,60.36,0.0,0.0,81.98,4.12
2023-06-04,21.88,53.65,0.0,213.14,60.7,89.39,0.0,11.72,87.13,101.44,10.39,58.25,,0.0,261.18,,0.0,7.42,49.26,208.57,0.0,22.04,,21.43,7.55,60.36,0.0,0.0,81.98,4.12
2023-06-05,21.9,53.67,0.0,213.4,60.73,89.45,0.0,11.72,87.2,101.4,10.4,58.26,,0.0,261.5,,0.0,7.41,49.32,208.97,0.0,22.07,,21.45,7.55,60.39,0.0,0.0,82.08,4.12
2023-06-06,21.92,53.81,0.0,213.6,60.81,89.93,0.0,11.75,87.41,101.62,10.41,58.57,,0.0,261.69,,0.0,7.41,49.5,209.17,0.0,22.08,,21.48,7.54,60.54,0.0,0.0,82.16,4.18
2023-06-07,21.92,54.26,0.0,213.6,60.9,89.83,0.0,11.72,87.2,101.46,10.41,58.67,,0.0,261.6,,0.0,7.36,49.45,209.17,0.0,22.07,,21.48,7.47,60.6,0.0,0.0,82.16,4.19
2023-06-08,21.94,54.25,0.0,213.73,61.16,89.64,0.0,11.75,87.42,101.72,10.42,58.45,,0.0,261.86,,0.0,7.42,49.32,209.3,0.0,22.09,,21.49,7.52,60.64,0.0,0.0,82.21,4.22
2023-06-09,21.9,54.45,0.0,213.4,61.02,90.49,0.0,11.81,87.81,102.38,10.41,58.62,,0.0,261.41,,0.0,7.48,49.57,208.97,0.0,22.06,,21.45,7.56,60.75,0.0,0.0,82.08,4.26
2023-06-10,21.9,54.45,0.0,213.4,61.02,90.49,0.0,11.81,87.81,102.38,10.41,58.62,,0.0,261.41,,0.0,7.48,49.57,208.97,0.0,22.06,,21.45,7.56,60.75,0.0,0.0,82.08,4.26
2023-06-11,21.9,54.45,0.0,213.4,61.02,90.49,0.0,11.81,87.81,102.38,10.41,58.62,,0.0,261.41,,0.0,7.48,49.57,208.97,0.0,22.06,,21.45,7.56,60.75,0.0,0.0,82.08,4.26
2023-06-12,21.9,54.76,0.0,213.34,61.09,90.01,0.0,11.75,87.5,102.51,10.4,58.5,,0.0,261.84,,0.0,7.58,49.8,208.91,0.0,22.06,,21.44,7.53,60.7,0.0,0.0,82.05,4.29
2023-06-13,21.89,54.95,0.0,213.25,61.04,89.63,0.0,11.79,87.75,102.14,10.4,58.51,,0.0,261.47,,0.0,7.58,49.86,208.82,0.0,22.04,,21.44,7.56,60.77,0.0,0.0,82.02,4.34
2023-06-14,21.86,54.95,0.0,212.95,61.16,89.74,0.0,11.79,87.75,102.69,10.39,58.16,,0.0,261.18,,0.0,7.65,50.03,208.53,0.0,22.0,,21.41,7.62,60.68,0.0,0.0,81.9,4.31
2023-06-15,21.82,54.93,0.0,212.56,60.86,89.73,0.0,11.79,87.75,102.67,10.38,57.66,,0.0,260.81,,0.0,7.6,50.02,208.15,0.0,21.96,,21.37,7.56,60.46,0.0,0.0,81.75,4.35
2023-06-16,21.77,55.52,0.0,212.14,61.29,90.69,0.0,11.91,88.64,103.61,10.36,57.79,,0.0,260.71,,0.0,7.72,50.42,207.74,0.0,21.94,,21.32,7.64,60.65,0.0,0.0,81.59,4.38
2023-06-17,21.75,55.51,0.0,211.96,61.38,90.42,0.0,11.9,88.52,103.84,10.36,57.16,,0.0,260.31,,0.0,7.66,50.41,207.41,0.0,21.91,,21.31,7.61,60.58,0.0,0.0,81.52,4.39
2023-06-18,21.75,55.51,0.0,211.96,61.38,90.42,0.0,11.9,88.52,103.84,10.36,57.16,,0.0,260.31,,0.0,7.66,50.41,207.41,0.0,21.91,,21.31,7.61,60.58,0.0,0.0,81.52,4.39
2023-06-19,21.76,55.24,0.0,212.01,61.28,90.39,0.0,11.9,88.54,103.87,10.36,57.22,,0.0,260.23,,0.0,7.66,50.22,207.61,0.0,21.93,,21.31,7.61,60.5,0.0,0.0,81.54,4.39
2023-06-20,21.78,55.01,0.0,212.23,61.37,90.29,0.0,11.9,88.52,103.78,10.37,57.26,,0.0,260.49,,0.0,7.58,50.03,207.84,0.0,21.95,,21.33,7.55,60.48,0.0,0.0,81.63,4.39
2023-06-21,21.81,54.91,0.0,212.46,61.44,90.14,0.0,11.9,88.57,103.65,10.38,57.38,,0.0,260.78,,0.0,7.58,49.97,208.07,0.0,21.98,,21.36,7.54,60.46,0.0,0.0,81.72,4.35
2023-06-22,21.76,54.83,0.0,212.01,61.6,90.64,0.0,11.96,88.99,103.46,10.35,57.23,,0.0,260.13,,0.0,7.62,50.18,207.61,0.0,21.92,,21.31,7.62,60.46,0.0,0.0,81.54,4.35
2023-06-23,21.79,54.22,0.0,212.35,61.56,90.28,0.0,11.92,88.68,103.18,10.36,56.8,,0.0,260.5,,0.0,7.56,49.77,207.94,0.0,21.95,,21.34,7.57,60.22,0.0,0.0,81.67,4.31
2023-06-24,21.79,54.22,0.0,212.35,61.56,90.28,0.0,11.92,88.68,103.18,10.36,56.8,,0.0,260.5,,0.0,7.56,49.77,207.94,0.0,21.95,,21.34,7.57,60.22,0.0,0.0,81.67,4.31
2023-06-25,21.79,54.22,0.0,212.35,61.56,90.28,0.0,11.92,88.68,103.18,10.36,56.8,,0.0,260.5,,0.0,7.56,49.77,207.94,0.0,21.95,,21.34,7.57,60.22,0.0,0.0,81.67,4.31
2023-06-26,21.78,54.07,0.0,212.22,61.66,90.33,0.0,11.89,88.38,103.28,10.36,56.61,,0.0,260.19,,0.0,7.51,49.99,207.82,0.0,21.96,,21.33,7.59,60.07,0.0,0.0,81.62,4.28
2023-06-27,21.78,54.07,0.0,212.22,61.66,90.33,0.0,11.89,88.38,103.28,10.36,56.61,,0.0,260.19,,0.0,7.51,49.99,207.82,0.0,21.96,,21.33,7.59,60.07,0.0,0.0,81.62,4.28
2023-06-28,21.77,53.65,0.0,212.17,61.42,90.5,0.0,11.93,88.73,103.25,10.35,56.41,,0.0,260.27,,0.0,7.51,49.53,207.77,0.0,21.91,,21.33,7.56,60.08,0.0,0.0,81.6,4.31
2023-06-29,21.77,53.65,0.0,212.17,61.42,90.5,0.0,11.93,88.73,103.25,10.35,56.41,,0.0,260.27,,0.0,7.51,49.53,207.77,0.0,21.91,,21.33,7.56,60.08,0.0,0.0,81.6,4.31
2023-06-30,21.78,53.58,0.0,212.25,61.25,90.09,0.0,11.85,88.11,102.39,10.35,56.08,,0.0,260.1,,0.0,7.54,49.3,207.84,0.0,21.92,,21.34,7.48,59.88,0.0,0.0,81.63,4.27
2023-07-01,21.8,53.91,0.0,212.4,61.32,90.45,0.0,11.9,88.5,103.16,10.36,56.29,,0.0,260.39,,0.0,7.58,49.62,207.83,0.0,21.96,,21.35,7.51,60.06,0.0,0.0,81.69,4.25
2023-07-02,21.8,53.91,0.0,212.4,61.32,90.45,0.0,11.9,88.5,103.16,10.36,56.29,,0.0,260.39,,0.0,7.58,49.62,207.83,0.0,21.96,,21.35,7.51,60.06,0.0,0.0,81.69,4.25
2023-07-03,21.74,53.75,0.0,211.78,61.14,90.24,0.0,11.86,88.24,102.82,10.33,56.02,,0.0,259.3,,0.0,7.56,49.68,207.38,0.0,21.91,,21.29,7.52,59.95,0.0,0.0,81.45,4.25
2023-07-04,21.75,53.88,0.0,211.96,61.15,90.17,0.0,11.86,88.28,102.82,10.34,56.06,,0.0,259.9,,0.0,7.59,49.8,207.56,0.0,21.92,,21.31,7.49,60.02,0.0,0.0,81.52,4.26
2023-07-05,21.79,54.05,0.0,212.33,61.32,90.22,0.0,11.86,88.18,103.08,10.36,56.19,,0.0,260.47,,0.0,7.62,50.13,207.92,0.0,21.96,,21.34,7.5,60.1,0.0,0.0,81.66,4.28
2023-07-06,21.87,54.04,0.0,213.08,61.26,90.49,0.0,11.86,88.21,103.45,10.41,56.53,,0.0,261.38,,0.0,7.63,50.27,208.66,0.0,22.03,,21.42,7.44,60.21,0.0,0.0,81.95,4.27
2023-07-07,21.95,53.99,0.0,213.86,61.17,90.97,0.0,11.94,88.9,104.07,10.45,56.83,,0.0,262.33,,0.0,7.6,50.29,209.42,0.0,22.11,,21.49,7.48,60.4,0.0,0.0,82.25,4.22
2023-07-08,21.95,53.99,0.0,213.86,61.17,90.97,0.0,11.94,88.9,104.07,10.45,56.83,,0.0,262.33,,0.0,7.6,50.29,209.42,0.0,22.11,,21.49,7.48,60.4,0.0,0.0,82.25,4.22
2023-07-09,21.95,53.99,0.0,213.86,61.17,90.97,0.0,11.94,88.9,104.07,10.45,56.83,,0.0,262.33,,0.0,7.6,50.29,209.42,0.0,22.11,,21.49,7.48,60.4,0.0,0.0,82.25,4.22
2023-07-10,21.95,54.28,0.0,213.86,61.49,91.53,0.0,12.02,89.44,104.73,10.44,57.31,,0.0,262.67,,0.0,7.68,50.41,209.42,0.0,22.12,,21.49,7.55,60.6,0.0,0.0,82.25,4.26
2023-07-11,21.88,54.28,0.0,213.24,61.45,91.93,0.0,12.05,89.71,104.92,10.41,57.92,,0.0,261.97,,0.0,7.8,50.55,208.81,0.0,22.04,,21.43,7.6,60.74,0.0,0.0,82.01,4.28
2023-07-12,21.85,54.57,0.0,212.9,61.63,92.4,0.0,12.05,89.65,105.45,10.39,58.33,,0.0,261.53,,0.0,7.9,50.6,208.48,0.0,22.01,,21.4,7.66,60.85,0.0,0.0,81.88,4.36
2023-07-13,21.77,54.97,0.0,212.09,61.51,93.37,0.0,12.13,90.29,105.54,10.36,58.58,,0.0,260.78,,0.0,8.03,51.18,207.23,0.0,21.94,,21.31,7.83,61.0,0.0,0.0,81.57,4.41
2023-07-14,21.76,55.64,0.0,212.01,61.88,94.25,0.0,12.22,91.03,106.52,10.37,58.99,,0.0,260.8,,0.0,8.16,51.85,207.61,0.0,21.9,,21.3,7.95,61.53,0.0,0.0,81.54,4.46
2023-07-15,21.76,55.64,0.0,212.01,61.88,94.25,0.0,12.22,91.03,106.52,10.37,58.99,,0.0,260.8,,0.0,8.16,51.85,207.61,0.0,21.9,,21.3,7.95,61.53,0.0,0.0,81.54,4.46
2023-07-16,21.76,55.64,0.0,212.01,61.88,94.25,0.0,12.22,91.03,106.52,10.37,58.99,,0.0,260.8,,0.0,8.16,51.85,207.61,0.0,21.9,,21.3,7.95,61.53,0.0,0.0,81.54,4.46
2023-07-17,21.81,55.17,0.0,212.53,61.43,94.1,0.0,12.24,91.13,106.37,10.4,58.64,,0.0,261.4,,0.0,8.08,51.49,208.12,0.0,21.98,,21.36,7.93,61.47,0.0,0.0,81.74,4.42
2023-07-18,21.78,55.2,0.0,212.17,61.48,94.16,0.0,12.25,91.18,106.19,10.37,58.57,,0.0,260.94,,0.0,8.08,51.32,207.77,0.0,21.94,,21.31,7.94,61.42,0.0,0.0,81.6,4.44
2023-07-19,21.8,54.9,0.0,212.43,61.63,94.38,0.0,12.23,91.08,105.75,10.39,58.37,,0.0,261.27,,0.0,8.08,50.73,208.02,0.0,21.96,,21.33,7.95,61.31,0.0,0.0,81.7,4.47
2023-07-20,21.78,55.17,0.0,212.22,61.71,94.46,0.0,12.22,91.0,105.07,10.38,58.3,,0.0,260.72,,0.0,8.13,50.97,207.66,0.0,21.94,,21.33,7.93,61.38,0.0,0.0,81.62,4.48
2023-07-21,21.78,54.52,0.0,212.09,61.55,93.43,0.0,12.12,90.22,104.18,10.37,57.24,,0.0,260.42,,0.0,8.06,50.15,207.8,0.0,21.95,,21.33,7.82,61.04,0.0,0.0,81.62,4.45
2023-07-22,21.78,54.52,0.0,212.09,61.55,93.43,0.0,12.12,90.22,104.18,10.37,57.24,,0.0,260.42,,0.0,8.06,50.15,207.8,0.0,21.95,,21.33,7.82,61.04,0.0,0.0,81.62,4.45
2023-07-23,21.78,54.52,0.0,212.09,61.55,93.43,0.0,12.12,90.22,104.18,10.37,57.24,,0.0,260.42,,0.0,8.06,50.15,207.8,0.0,21.95,,21.33,7.82,61.04,0.0,0.0,81.62,4.45
2023-07-24,21.78,54.39,0.0,212.22,61.36,93.38,0.0,12.11,90.18,104.34,10.37,57.41,,0.0,260.29,,0.0,8.06,49.9,207.66,0.0,21.95,,21.34,7.81,60.99,0.0,0.0,81.62,4.45
2023-07-25,21.7,54.44,0.0,211.47,61.42,92.78,0.0,12.02,89.45,103.76,10.34,57.22,,0.0,259.66,,0.0,8.06,50.09,206.92,0.0,21.85,,21.26,7.79,60.8,0.0,0.0,81.33,4.5
2023-07-26,21.75,54.59,0.0,211.88,61.42,93.44,0.0,12.01,89.42,104.42,10.37,57.47,,0.0,260.27,,0.0,8.03,50.19,207.33,0.0,21.91,,21.28,7.82,60.99,0.0,0.0,81.49,4.54
2023-07-27,21.76,54.94,0.0,211.99,61.48,94.03,0.0,12.08,89.88,105.08,10.39,58.03,,0.0,260.38,,0.0,8.06,50.58,207.43,0.0,21.91,,21.31,7.82,61.29,0.0,0.0,81.53,4.54
2023-07-28,21.84,53.93,0.0,212.82,61.44,93.37,0.0,11.97,89.16,103.98,10.42,58.73,,0.0,261.26,,0.0,7.98,49.96,208.39,0.0,22.01,,21.39,7.74,61.12,0.0,0.0,81.85,4.49
2023-07-29,21.84,53.93,0.0,212.82,61.44,93.37,0.0,11.97,89.16,103.98,10.42,58.73,,0.0,261.26,,0.0,7.98,49.96,208.39,0.0,22.01,,21.39,7.74,61.12,0.0,0.0,81.85,4.49
2023-07-30,21.84,53.93,0.0,212.82,61.44,93.37,0.0,11.97,89.16,103.98,10.42,58.73,,0.0,261.26,,0.0,7.98,49.96,208.39,0.0,22.01,,21.39,7.74,61.12,0.0,0.0,81.85,4.49
2023-07-31,21.83,54.08,0.0,212.74,61.37,93.07,0.0,12.02,89.5,104.55,10.42,57.43,,0.0,261.04,,0.0,7.98,50.15,208.16,0.0,22.0,,21.38,7.73,61.1,0.0,0.0,81.82,4.55
2023-08-01,21.86,54.27,0.0,213.0,61.59,93.08,0.0,12.0,89.36,104.39,10.44,57.12,,0.0,261.32,,0.0,8.03,50.29,208.41,0.0,22.03,,21.4,7.73,61.17,0.0,0.0,81.92,4.48
2023-08-02,21.92,53.49,0.0,213.51,61.34,92.83,0.0,12.04,89.58,104.36,10.46,57.24,,0.0,261.7,,0.0,8.01,49.72,209.08,0.0,22.09,,21.45,7.68,61.03,0.0,0.0,82.12,4.37
2023-08-03,21.96,53.2,0.0,213.99,61.25,92.93,0.0,12.0,89.33,103.97,10.48,57.13,,0.0,262.05,,0.0,7.95,49.54,209.55,0.0,22.12,,21.49,7.64,60.91,0.0,0.0,82.3,4.37
2023-08-04,21.97,53.56,0.0,214.09,61.3,93.34,0.0,12.04,89.58,104.23,10.48,57.46,,0.0,262.42,,0.0,8.02,49.73,209.65,0.0,22.15,,21.5,7.68,61.05,0.0,0.0,82.34,4.32
2023-08-05,21.96,53.53,0.0,213.97,61.16,93.46,0.0,12.08,89.98,104.3,10.47,57.74,,0.0,262.47,,0.0,8.06,49.79,209.39,0.0,22.12,,21.5,7.73,61.07,0.0,0.0,82.3,4.37
2023-08-06,21.96,53.53,0.0,213.97,61.16,93.46,0.0,12.08,89.98,104.3,10.47,57.74,,0.0,262.47,,0.0,8.06,49.79,209.39,0.0,22.12,,21.5,7.73,61.07,0.0,0.0,82.3,4.37
2023-08-07,21.97,53.67,0.0,214.04,61.17,93.27,0.0,12.08,89.88,104.2,10.47,57.62,,0.0,262.5,,0.0,8.08,49.84,209.6,0.0,22.14,,21.51,7.74,61.08,0.0,0.0,82.32,4.37
2023-08-08,21.99,53.43,0.0,214.23,61.17,93.47,0.0,12.07,89.89,104.47,10.48,57.2,,0.0,262.52,,0.0,8.05,49.68,209.8,0.0,21.99,,21.51,7.73,60.96,0.0,0.0,82.4,4.3
2023-08-09,22.0,53.49,0.0,214.33,61.05,93.39,0.0,12.06,89.76,104.47,10.48,57.24,,0.0,262.6,,0.0,7.99,49.66,209.73,0.0,22.16,,21.54,7.66,60.87,0.0,0.0,82.43,4.27
2023-08-10,21.99,53.35,0.0,214.28,61.06,93.16,0.0,12.07,89.82,104.11,10.47,56.97,,0.0,262.5,,0.0,8.03,49.56,209.67,0.0,22.16,,21.51,7.69,60.81,0.0,0.0,82.41,4.26
2023-08-11,21.97,53.14,0.0,214.09,60.87,93.19,0.0,12.06,89.82,103.78,10.47,56.6,,0.0,262.29,,0.0,7.94,49.03,209.5,0.0,22.13,,21.5,7.66,60.67,0.0,0.0,82.34,4.28
2023-08-12,21.97,53.14,0.0,214.09,60.87,93.19,0.0,12.06,89.82,103.78,10.47,56.6,,0.0,262.29,,0.0,7.94,49.03,209.5,0.0,22.13,,21.5,7.66,60.67,0.0,0.0,82.34,4.28
2023-08-13,21.97,53.14,0.0,214.09,60.87,93.19,0.0,12.06,89.82,103.78,10.47,56.6,,0.0,262.29,,0.0,7.94,49.03,209.5,0.0,22.13,,21.5,7.66,60.67,0.0,0.0,82.34,4.28
2023-08-14,22.05,52.87,0.0,214.82,60.97,93.29,0.0,12.05,89.67,104.05,10.5,56.7,,0.0,263.25,,0.0,7.86,48.78,210.22,0.0,22.22,,21.59,7.57,60.63,0.0,0.0,82.62,4.25
2023-08-15,22.05,52.87,0.0,214.82,60.97,93.29,0.0,12.05,89.67,104.05,10.5,56.7,,0.0,263.25,,0.0,7.86,48.78,210.22,0.0,22.22,,21.59,7.57,60.63,0.0,0.0,82.62,4.25
2023-08-16,22.05,52.87,0.0,214.82,60.97,93.29,0.0,12.05,89.67,104.05,10.5,56.7,,0.0,263.25,,0.0,7.86,48.78,210.22,0.0,22.22,,21.59,7.57,60.63,0.0,0.0,82.62,4.25
2023-08-17,22.04,52.16,0.0,214.8,60.66,93.01,0.0,11.97,89.11,104.39,10.48,56.11,,0.0,262.93,,0.0,7.72,48.4,210.31,0.0,22.2,,21.59,7.52,60.28,0.0,0.0,82.6,4.22
2023-08-18,22.05,52.38,0.0,214.85,60.64,93.3,0.0,12.0,89.31,104.76,10.49,56.54,,0.0,263.07,,0.0,7.78,48.58,210.39,0.0,22.21,,21.6,7.53,60.55,0.0,0.0,82.63,4.24
2023-08-19,22.07,52.38,0.0,215.04,60.65,92.96,0.0,11.99,89.22,104.64,10.49,56.57,,0.0,263.19,,0.0,7.74,48.54,210.39,0.0,22.21,,21.62,7.51,60.6,0.0,0.0,82.7,4.27
2023-08-20,22.07,52.38,0.0,215.04,60.65,92.96,0.0,11.99,89.22,104.64,10.49,56.57,,0.0,263.19,,0.0,7.74,48.54,210.39,0.0,22.21,,21.62,7.51,60.6,0.0,0.0,82.7,4.27
2023-08-21,22.06,52.39,0.0,214.9,60.65,92.85,0.0,11.99,89.29,104.62,10.48,56.52,,0.0,263.18,,0.0,7.73,48.47,210.44,0.0,22.22,,21.6,7.49,60.52,0.0,0.0,82.65,4.26
2023-08-22,22.06,52.57,0.0,214.97,60.69,93.4,0.0,12.04,89.6,104.98,10.49,56.36,,0.0,263.02,,0.0,7.77,48.69,210.49,0.0,22.22,,21.59,7.52,60.65,0.0,0.0,82.67,4.27
2023-08-23,21.99,52.36,0.0,214.23,60.36,92.78,0.0,11.89,88.49,103.61,10.44,56.35,,0.0,261.81,,0.0,7.67,48.49,209.8,0.0,22.16,,21.53,7.46,60.34,0.0,0.0,82.4,4.32
2023-08-24,21.9,52.68,0.0,213.38,60.34,92.78,0.0,11.89,88.54,103.72,10.4,56.28,,0.0,261.03,,0.0,7.72,48.58,208.96,0.0,22.06,,21.45,7.48,60.38,0.0,0.0,82.07,4.35
2023-08-25,21.94,52.12,0.0,213.78,60.1,91.96,0.0,11.82,88.01,102.68,10.41,56.0,,0.0,261.11,,0.0,7.61,48.13,209.35,0.0,22.11,,21.48,7.42,60.21,0.0,0.0,82.22,4.27
2023-08-26,21.94,52.12,0.0,213.78,60.1,91.96,0.0,11.82,88.01,102.68,10.41,56.0,,0.0,261.11,,0.0,7.61,48.13,209.35,0.0,22.11,,21.48,7.42,60.21,0.0,0.0,82.22,4.27
2023-08-27,21.94,52.12,0.0,213.78,60.1,91.96,0.0,11.82,88.01,102.68,10.41,56.0,,0.0,261.11,,0.0,7.61,48.13,209.35,0.0,22.11,,21.48,7.42,60.21,0.0,0.0,82.22,4.27
2023-08-28,21.92,52.28,0.0,213.6,60.07,92.19,0.0,11.84,88.18,102.88,10.4,55.78,,0.0,260.7,,0.0,7.65,48.18,209.14,0.0,22.09,,21.45,7.41,60.24,0.0,0.0,82.15,4.33
2023-08-29,21.92,52.28,0.0,213.6,60.07,92.19,0.0,11.84,88.18,102.88,10.4,55.78,,0.0,260.7,,0.0,7.65,48.18,209.14,0.0,22.09,,21.45,7.41,60.24,0.0,0.0,82.15,4.33
2023-08-30,21.95,52.68,0.0,213.87,60.28,92.78,0.0,11.92,88.79,103.26,10.42,55.97,,0.0,261.61,,0.0,7.73,48.49,209.45,0.0,22.11,,21.5,7.51,60.48,0.0,0.0,82.26,4.36
2023-08-31,21.95,52.8,0.0,213.84,60.38,92.82,0.0,11.98,89.19,103.99,10.42,56.1,,0.0,261.73,,0.0,7.72,48.6,209.42,0.0,22.1,,21.49,7.55,60.58,0.0,0.0,82.25,4.31
2023-09-01,21.93,52.63,0.0,213.68,60.44,92.17,0.0,11.88,88.46,103.45,10.41,56.19,,0.0,261.28,,0.0,7.68,48.52,209.23,0.0,22.1,,21.48,7.46,60.46,0.0,0.0,82.18,4.27
2023-09-02,21.96,52.54,0.0,213.98,60.15,92.1,0.0,11.83,88.05,102.99,10.42,55.98,,0.0,261.42,,0.0,7.68,48.51,209.51,0.0,22.12,,21.51,7.42,60.42,0.0,0.0,82.3,4.28
2023-09-03,21.96,52.54,0.0,213.98,60.15,92.1,0.0,11.83,88.05,102.99,10.42,55.98,,0.0,261.42,,0.0,7.68,48.51,209.51,0.0,22.12,,21.51,7.42,60.42,0.0,0.0,82.3,4.28
2023-09-04,21.96,52.65,0.0,213.94,60.18,92.23,0.0,11.84,88.11,103.08,10.43,56.0,,0.0,261.62,,0.0,7.68,48.54,209.5,0.0,22.12,,21.49,7.43,60.45,0.0,0.0,82.28,4.3
2023-09-05,22.03,52.12,0.0,214.64,60.12,92.33,0.0,11.85,88.24,103.3,10.47,55.91,,0.0,262.2,,0.0,7.67,48.16,210.16,0.0,22.19,,21.57,7.41,60.38,0.0,0.0,82.55,4.22
2023-09-06,22.05,52.13,0.0,214.82,60.17,92.15,0.0,11.83,88.02,103.22,10.47,55.69,,0.0,262.49,,0.0,7.67,48.16,210.36,0.0,22.2,,21.59,7.41,60.32,0.0,0.0,82.62,4.22
2023-09-07,22.07,52.14,0.0,215.03,60.25,91.98,0.0,11.83,88.06,102.74,10.48,55.72,,0.0,262.67,,0.0,7.68,48.08,210.57,0.0,22.23,,21.61,7.41,60.27,0.0,0.0,82.7,4.22
2023-09-08,22.04,52.28,0.0,214.76,60.09,91.87,0.0,11.79,87.83,102.58,10.47,55.75,,0.0,262.35,,0.0,7.69,48.32,210.3,0.0,22.2,,21.59,7.4,60.22,0.0,0.0,82.6,4.24
2023-09-09,22.04,52.28,0.0,214.76,60.09,91.87,0.0,11.79,87.83,102.58,10.47,55.75,,0.0,262.35,,0.0,7.69,48.32,210.3,0.0,22.2,,21.59,7.4,60.22,0.0,0.0,82.6,4.24
2023-09-10,22.04,52.28,0.0,214.76,60.09,91.87,0.0,11.79,87.83,102.58,10.47,55.75,,0.0,262.35,,0.0,7.69,48.32,210.3,0.0,22.2,,21.59,7.4,60.22,0.0,0.0,82.6,4.24
2023-09-11,22.02,52.44,0.0,214.59,60.23,91.79,0.0,11.8,87.84,102.53,10.46,56.06,,0.0,262.16,,0.0,7.71,48.4,210.13,0.0,22.19,,21.57,7.41,60.21,0.0,0.0,82.53,4.25
2023-09-12,22.03,52.58,0.0,214.63,60.45,91.86,0.0,11.83,88.07,102.68,10.47,56.0,,0.0,262.21,,0.0,7.72,48.45,210.19,0.0,22.19,,21.56,7.41,60.34,0.0,0.0,82.55,4.29
2023-09-13,22.02,52.36,0.0,214.58,60.5,91.74,0.0,11.82,88.05,102.45,10.48,55.73,,0.0,262.07,,0.0,7.68,48.27,210.13,0.0,22.18,,21.56,7.39,60.26,0.0,0.0,82.53,4.27
2023-09-14,22.04,52.6,0.0,214.72,60.65,91.74,0.0,11.82,88.1,102.55,10.48,55.85,,0.0,262.32,,0.0,7.68,48.51,210.26,0.0,22.2,,21.58,7.39,60.38,0.0,0.0,82.58,4.31
2023-09-15,22.05,52.88,0.0,214.88,60.82,91.46,0.0,11.73,87.34,102.01,10.49,55.75,,0.0,262.18,,0.0,7.67,48.55,210.42,0.0,22.21,,21.58,7.36,60.31,0.0,0.0,82.64,4.26
2023-09-16,22.07,52.63,0.0,215.04,60.78,91.32,0.0,11.75,87.49,101.83,10.5,55.65,,0.0,262.29,,0.0,7.61,48.37,210.4,0.0,22.22,,21.61,7.36,60.29,0.0,0.0,82.7,4.26
2023-09-17,22.07,52.63,0.0,215.04,60.78,91.32,0.0,11.75,87.49,101.83,10.5,55.65,,0.0,262.29,,0.0,7.61,48.37,210.4,0.0,22.22,,21.61,7.36,60.29,0.0,0.0,82.7,4.26
2023-09-18,22.07,52.71,0.0,215.04,60.8,91.42,0.0,11.75,87.57,101.83,10.5,55.68,,0.0,262.4,,0.0,7.64,48.46,210.57,0.0,22.07,,21.61,7.36,60.29,0.0,0.0,82.7,4.27
2023-09-19,22.07,52.71,0.0,215.04,60.8,91.42,0.0,11.75,87.57,101.83,10.5,55.68,,0.0,262.4,,0.0,7.64,48.46,210.57,0.0,22.07,,21.61,7.36,60.29,0.0,0.0,82.7,4.27
2023-09-20,22.1,52.87,0.0,215.32,61.15,91.44,0.0,11.79,87.81,101.93,10.52,55.74,,0.0,262.78,,0.0,7.63,48.69,210.68,0.0,22.26,,21.64,7.38,60.33,0.0,0.0,82.81,4.29
2023-09-21,22.1,52.87,0.0,215.32,61.15,91.44,0.0,11.79,87.81,101.93,10.52,55.74,,0.0,262.78,,0.0,7.63,48.69,210.68,0.0,22.26,,21.64,7.38,60.33,0.0,0.0,82.81,4.29
2023-09-22,22.0,52.43,0.0,214.38,60.86,90.35,0.0,11.71,87.18,100.62,10.48,55.37,,0.0,261.54,,0.0,7.62,48.52,209.39,0.0,22.17,,21.55,7.34,59.98,0.0,0.0,82.45,4.27
2023-09-23,22.0,52.43,0.0,214.38,60.86,90.35,0.0,11.71,87.18,100.62,10.48,55.37,,0.0,261.54,,0.0,7.62,48.52,209.39,0.0,22.17,,21.55,7.34,59.98,0.0,0.0,82.45,4.27
2023-09-24,22.0,52.43,0.0,214.38,60.86,90.35,0.0,11.71,87.18,100.62,10.48,55.37,,0.0,261.54,,0.0,7.62,48.52,209.39,0.0,22.17,,21.55,7.34,59.98,0.0,0.0,82.45,4.27
2023-09-25,22.06,52.56,0.0,214.91,60.92,90.32,0.0,11.73,87.35,100.53,10.51,55.43,,0.0,261.92,,0.0,7.64,48.72,210.44,0.0,22.22,,21.6,7.39,60.17,0.0,0.0,82.65,4.32
2023-09-26,22.1,52.57,0.0,215.3,61.05,89.89,0.0,11.69,87.01,100.34,10.52,55.32,,0.0,262.5,,0.0,7.61,48.93,210.82,0.0,22.26,,21.64,7.44,60.19,0.0,0.0,82.8,4.31
2023-09-27,22.1,52.32,0.0,215.3,60.9,89.55,0.0,11.66,86.85,99.93,10.52,55.29,,0.0,262.4,,0.0,7.62,48.68,210.82,0.0,22.26,,21.64,7.49,60.08,0.0,0.0,82.8,4.25
2023-09-28,22.1,52.22,0.0,215.37,60.99,89.2,0.0,11.6,86.34,99.88,10.51,55.15,,0.0,262.5,,0.0,7.66,48.74,210.9,0.0,22.27,,21.65,7.45,60.04,0.0,0.0,82.83,4.23
2023-09-29,22.1,52.22,0.0,215.37,60.99,89.2,0.0,11.6,86.34,99.88,10.51,55.15,,0.0,262.5,,0.0,7.66,48.74,210.9,0.0,22.27,,21.65,7.45,60.04,0.0,0.0,82.83,4.23
2023-09-30,22.08,52.71,0.0,215.17,60.57,89.64,0.0,11.66,86.84,100.28,10.5,55.1,,0.0,262.4,,0.0,7.71,49.19,210.53,0.0,22.25,,21.63,7.54,60.26,0.0,0.0,82.75,4.28
2023-10-01,22.08,52.71,0.0,215.17,60.57,89.64,0.0,11.66,86.84,100.28,10.5,55.1,,0.0,262.4,,0.0,7.71,49.19,210.53,0.0,22.25,,21.63,7.54,60.26,0.0,0.0,82.75,4.28
2023-10-02,22.08,52.71,0.0,215.17,60.57,89.64,0.0,11.66,86.84,100.28,10.5,55.1,,0.0,262.4,,0.0,7.71,49.19,210.53,0.0,22.25,,21.63,7.54,60.26,0.0,0.0,82.75,4.28
2023-10-03,22.1,52.04,0.0,215.32,60.13,89.37,0.0,11.56,86.07,99.4,10.51,54.97,,0.0,262.36,,0.0,7.58,48.65,210.85,0.0,22.27,,21.64,7.45,59.93,0.0,0.0,82.81,4.21
2023-10-04,22.1,51.59,0.0,215.35,60.03,89.04,0.0,11.55,86.0,99.29,10.51,55.2,,0.0,262.49,,0.0,7.5,48.28,210.87,0.0,22.26,,21.64,7.42,59.9,0.0,0.0,82.82,4.19
2023-10-05,22.1,52.25,0.0,215.32,60.02,89.85,0.0,11.62,86.53,100.06,10.51,55.45,,0.0,262.51,,0.0,7.52,48.81,210.85,0.0,22.25,,21.64,7.47,60.15,0.0,0.0,82.81,4.21
2023-10-06,22.1,52.25,0.0,215.35,60.05,89.91,0.0,11.64,86.66,100.28,10.51,55.43,,0.0,262.5,,0.0,7.51,48.94,210.87,0.0,22.25,,21.65,7.48,60.23,0.0,0.0,82.82,4.16
2023-10-07,22.07,52.27,0.0,215.06,60.17,90.09,0.0,11.67,86.92,100.6,10.49,55.1,,0.0,262.11,,0.0,7.54,49.08,210.43,0.0,22.22,,21.62,7.5,60.23,0.0,0.0,82.71,4.19
2023-10-08,22.07,52.27,0.0,215.06,60.17,90.09,0.0,11.67,86.92,100.6,10.49,55.1,,0.0,262.11,,0.0,7.54,49.08,210.43,0.0,22.22,,21.62,7.5,60.23,0.0,0.0,82.71,4.19
2023-10-09,22.1,52.09,0.0,215.35,60.27,90.21,0.0,11.66,86.74,100.41,10.51,55.24,,0.0,262.19,,0.0,7.56,49.02,210.87,0.0,22.26,,21.64,7.5,60.2,0.0,0.0,82.82,4.19
2023-10-10,22.1,52.58,0.0,215.35,60.62,90.75,0.0,11.67,86.87,100.7,10.52,55.45,,0.0,262.65,,0.0,7.64,49.44,210.86,0.0,22.26,,21.64,7.52,60.31,0.0,0.0,82.82,4.2
2023-10-11,22.09,52.61,0.0,215.27,60.56,90.78,0.0,11.71,87.18,101.13,10.52,55.36,,0.0,262.54,,0.0,7.63,49.47,210.81,0.0,22.25,,21.64,7.57,60.39,0.0,0.0,82.79,4.26
2023-10-12,22.09,52.55,0.0,215.22,60.52,91.15,0.0,11.72,87.27,101.3,10.52,55.18,,0.0,262.41,,0.0,7.59,49.32,210.75,0.0,22.24,,21.63,7.55,60.39,0.0,0.0,82.77,4.31
2023-10-13,22.11,51.85,0.0,215.4,60.17,90.52,0.0,11.64,86.68,100.43,10.52,55.02,,0.0,262.41,,0.0,7.52,48.58,210.91,0.0,22.26,,21.63,7.51,60.17,0.0,0.0,82.84,4.27
2023-10-14,22.11,51.85,0.0,215.4,60.17,90.52,0.0,11.64,86.68,100.43,10.52,55.02,,0.0,262.41,,0.0,7.52,48.58,210.91,0.0,22.26,,21.63,7.51,60.17,0.0,0.0,82.84,4.27
2023-10-15,22.11,51.85,0.0,215.4,60.17,90.52,0.0,11.64,86.68,100.43,10.52,55.02,,0.0,262.41,,0.0,7.52,48.58,210.91,0.0,22.26,,21.63,7.51,60.17,0.0,0.0,82.84,4.27
2023-10-16,22.11,51.78,0.0,215.42,60.34,91.08,0.0,11.62,86.53,100.03,10.52,55.13,,0.0,262.17,,0.0,7.55,48.59,210.95,0.0,22.26,,21.65,7.49,60.14,0.0,0.0,82.85,4.27
2023-10-17,22.1,52.14,0.0,215.37,60.45,91.16,0.0,11.65,86.75,100.42,10.52,55.1,,0.0,262.46,,0.0,7.54,48.49,210.89,0.0,22.26,,21.65,7.54,60.19,0.0,0.0,82.83,4.32
2023-10-18,22.1,52.22,0.0,215.37,60.36,91.31,0.0,11.67,86.96,100.17,10.52,55.06,,0.0,262.42,,0.0,7.53,48.49,210.89,0.0,22.25,,21.65,7.55,60.19,0.0,0.0,82.83,4.33
2023-10-19,22.11,51.66,0.0,215.45,59.97,91.35,0.0,11.63,86.66,99.88,10.52,55.03,,0.0,262.38,,0.0,7.44,47.89,210.96,0.0,22.26,,21.65,7.47,59.97,0.0,0.0,82.86,4.27
2023-10-20,22.09,51.77,0.0,215.24,60.02,91.97,0.0,11.67,86.91,99.86,10.51,54.96,,0.0,262.33,,0.0,7.48,47.88,210.77,0.0,22.24,,21.63,7.52,59.96,0.0,0.0,82.78,4.27
2023-10-21,22.08,51.67,0.0,215.09,59.98,91.98,0.0,11.68,87.04,99.99,10.51,54.93,,0.0,262.27,,0.0,7.42,47.82,210.52,0.0,22.23,,21.63,7.49,59.96,0.0,0.0,82.75,4.27
2023-10-22,22.08,51.67,0.0,215.09,59.98,91.98,0.0,11.68,87.04,99.99,10.51,54.93,,0.0,262.27,,0.0,7.42,47.82,210.52,0.0,22.23,,21.63,7.49,59.96,0.0,0.0,82.75,4.27
2023-10-23,22.09,51.72,0.0,214.95,59.99,91.69,0.0,11.66,86.89,99.92,10.51,54.92,,0.0,262.25,,0.0,7.43,47.79,210.72,0.0,22.23,,21.63,7.5,59.94,0.0,0.0,82.76,4.26
2023-10-24,22.09,51.72,0.0,214.95,59.99,91.69,0.0,11.66,86.89,99.92,10.51,54.92,,0.0,262.25,,0.0,7.43,47.79,210.72,0.0,22.23,,21.63,7.5,59.94,0.0,0.0,82.76,4.26
2023-10-25,22.06,52.21,0.0,214.83,59.82,91.8,0.0,11.68,87.01,100.03,10.5,54.9,,0.0,262.11,,0.0,7.38,47.95,210.51,0.0,22.21,,21.61,7.41,60.12,0.0,0.0,82.68,4.26
2023-10-26,22.1,51.41,0.0,215.14,59.58,91.38,0.0,11.63,86.64,99.39,10.52,54.76,,0.0,262.26,,0.0,7.34,47.4,210.82,0.0,22.24,,21.64,7.38,59.97,0.0,0.0,82.8,4.23
2023-10-27,22.1,51.97,0.0,215.37,59.6,91.36,0.0,11.66,86.84,99.84,10.52,54.87,,0.0,262.47,,0.0,7.36,47.79,210.89,0.0,22.25,,21.64,7.39,60.17,0.0,0.0,82.83,4.29
2023-10-28,22.1,51.97,0.0,215.37,59.6,91.36,0.0,11.66,86.84,99.84,10.52,54.87,,0.0,262.47,,0.0,7.36,47.79,210.89,0.0,22.25,,21.64,7.39,60.17,0.0,0.0,82.83,4.29
2023-10-29,22.1,51.97,0.0,215.37,59.6,91.36,0.0,11.66,86.84,99.84,10.52,54.87,,0.0,262.47,,0.0,7.36,47.79,210.89,0.0,22.25,,21.64,7.39,60.17,0.0,0.0,82.83,4.29
2023-10-30,22.11,52.11,0.0,215.42,59.45,90.93,0.0,11.65,86.86,99.74,10.52,55.1,,0.0,262.36,,0.0,7.38,47.84,210.95,0.0,22.26,,21.65,7.39,60.18,0.0,0.0,82.85,4.32
2023-10-31,22.11,52.03,0.0,215.45,59.48,90.99,0.0,11.69,87.12,99.96,10.52,54.94,,0.0,262.54,,0.0,7.37,47.85,210.97,0.0,22.19,,21.65,7.38,60.28,0.0,0.0,82.86,4.29
2023-11-01,22.12,51.99,0.0,215.48,59.36,90.31,0.0,11.67,86.96,100.01,10.52,54.53,,0.0,262.47,,0.0,7.37,47.73,211.0,0.0,22.27,,21.65,7.38,60.15,0.0,0.0,82.87,4.34
2023-11-02,22.1,52.71,0.0,215.37,59.52,91.01,0.0,11.7,87.17,100.34,10.52,54.82,,0.0,262.71,,0.0,7.41,48.33,210.9,0.0,22.27,,21.64,7.4,60.32,0.0,0.0,82.83,4.4
2023-11-03,22.1,52.71,0.0,215.37,59.93,90.71,0.0,11.73,87.38,100.42,10.52,54.82,,0.0,262.71,,0.0,7.39,48.45,210.9,0.0,22.18,,21.64,7.42,60.43,0.0,0.0,82.83,4.42
2023-11-04,22.09,53.35,0.0,215.11,60.24,91.31,0.0,11.83,88.19,101.81,10.51,55.12,,0.0,263.02,,0.0,7.45,49.21,210.6,0.0,22.24,,21.62,7.57,60.75,0.0,0.0,82.78,4.44
2023-11-05,22.09,53.35,0.0,215.11,60.24,91.31,0.0,11.83,88.19,101.81,10.51,55.12,,0.0,263.02,,0.0,7.45,49.21,210.6,0.0,22.24,,21.62,7.57,60.75,0.0,0.0,82.78,4.44
2023-11-06,22.08,53.26,0.0,209.99,60.26,91.41,0.0,11.86,88.18,101.74,10.55,55.04,0.0,0.0,262.46,,0.0,7.48,48.93,205.33,0.0,22.27,0.0,21.62,7.59,60.86,0.0,0.0,82.75,4.44
2023-11-07,22.1,53.06,0.0,213.78,60.1,91.33,0.0,11.85,88.1,101.57,10.56,54.91,0.0,0.0,262.63,,0.0,7.46,48.72,210.18,0.0,22.29,0.0,21.62,7.56,60.9,0.0,0.0,82.83,4.42
2023-11-08,22.1,53.06,0.0,213.78,60.1,91.33,0.0,11.85,88.1,101.57,10.56,54.91,0.0,0.0,262.63,,0.0,7.46,48.72,210.18,0.0,22.29,0.0,21.62,7.56,60.9,0.0,0.0,82.83,4.42
2023-11-09,22.11,52.48,0.0,213.86,59.76,91.34,0.0,11.85,88.11,101.14,10.58,54.64,,0.0,262.65,,0.0,7.4,48.47,210.26,0.0,22.31,,21.63,7.59,60.78,0.0,0.0,82.86,4.39
2023-11-10,22.12,52.05,0.0,213.95,59.72,90.94,0.0,11.81,87.81,100.65,10.58,54.5,0.0,0.0,262.68,,0.0,7.37,48.21,210.3,0.0,22.31,0.0,21.63,7.57,60.59,0.0,0.0,82.88,4.35
2023-11-11,22.12,52.05,0.0,213.95,59.72,90.94,0.0,11.81,87.81,100.65,10.58,54.5,0.0,0.0,262.68,,0.0,7.37,48.21,210.3,0.0,22.31,0.0,21.63,7.57,60.59,0.0,0.0,82.88,4.35
2023-11-12,22.12,52.05,0.0,213.95,59.72,90.94,0.0,11.81,87.81,100.65,10.58,54.5,0.0,0.0,262.68,,0.0,7.37,48.21,210.3,0.0,22.31,0.0,21.63,7.57,60.59,0.0,0.0,82.88,4.35
2023-11-13,22.12,52.14,0.0,215.56,59.63,91.09,0.0,11.81,87.9,100.71,10.55,54.38,,0.0,262.65,,0.0,7.41,48.41,211.08,0.0,22.28,,21.66,7.56,60.55,0.0,0.0,82.9,4.33
2023-11-14,22.12,52.14,0.0,215.56,59.63,91.09,0.0,11.81,87.9,100.71,10.55,54.38,,0.0,262.65,,0.0,7.41,48.41,211.08,0.0,22.28,,21.66,7.56,60.55,0.0,0.0,82.9,4.33
2023-11-15,22.06,53.19,0.0,214.96,60.05,92.25,0.0,11.99,89.31,102.62,10.53,54.63,,0.0,262.94,,0.0,7.57,49.35,210.49,0.0,22.25,,21.61,7.77,61.0,0.0,0.0,82.67,4.44
2023-11-16,22.09,52.97,0.0,215.24,60.02,92.33,0.0,11.95,89.02,101.89,10.53,54.44,,0.0,262.89,,0.0,7.58,49.04,210.77,0.0,22.24,,21.62,7.77,60.86,0.0,0.0,82.78,4.44
2023-11-17,22.1,53.07,0.0,213.83,59.95,92.51,0.0,12.0,89.24,102.04,10.59,55.07,0.0,0.0,262.86,,0.0,7.57,48.86,210.18,0.0,22.29,0.0,21.62,7.81,61.19,0.0,0.0,82.82,4.41
2023-11-18,22.12,53.35,0.0,214.04,60.07,92.78,0.0,12.09,89.86,102.63,10.6,55.15,0.0,0.0,263.17,,0.0,7.58,49.05,210.36,0.0,22.31,0.0,21.64,7.63,61.3,0.0,0.0,82.89,4.39
2023-11-19,22.12,53.35,0.0,214.04,60.07,92.78,0.0,12.09,89.86,102.63,10.6,55.15,0.0,0.0,263.17,,0.0,7.58,49.05,210.36,0.0,22.31,0.0,21.64,7.63,61.3,0.0,0.0,82.89,4.39
2023-11-20,22.11,53.63,0.0,209.61,60.15,92.9,0.0,12.09,89.9,102.82,10.6,55.33,0.0,0.0,263.11,,0.0,7.67,49.28,210.51,0.0,22.3,0.0,21.66,7.87,61.49,0.0,0.0,82.87,4.44
2023-11-21,22.13,53.98,0.0,214.12,60.16,93.09,0.0,12.14,90.27,103.33,10.61,55.91,0.0,0.0,263.41,,0.0,7.75,49.69,210.43,0.0,22.32,0.0,21.65,7.93,61.73,0.0,0.0,82.92,4.44
2023-11-22,22.12,53.62,0.0,214.09,60.15,92.97,0.0,12.08,89.8,103.22,10.6,55.46,0.0,0.0,263.35,,0.0,7.74,49.41,210.41,0.0,22.32,0.0,21.65,7.9,61.58,0.0,0.0,82.91,4.36
2023-11-23,22.12,53.8,0.0,214.01,60.32,93.08,0.0,12.08,89.78,103.06,10.6,55.34,0.0,0.0,263.25,,0.0,7.7,49.62,210.34,0.0,22.31,0.0,21.64,7.92,61.53,0.0,0.0,82.88,4.32
2023-11-24,22.13,53.77,0.0,214.16,60.18,92.93,0.0,12.08,89.76,103.3,10.6,55.18,0.0,0.0,263.33,,0.0,7.67,49.55,210.49,0.0,22.33,0.0,21.65,7.87,61.47,0.0,0.0,82.94,4.32
2023-11-25,22.13,53.77,0.0,214.16,60.18,92.93,0.0,12.08,89.76,103.3,10.6,55.18,0.0,0.0,263.33,,0.0,7.67,49.55,210.49,0.0,22.33,0.0,21.65,7.87,61.47,0.0,0.0,82.94,4.32
2023-11-26,22.13,53.77,0.0,214.16,60.18,92.93,0.0,12.08,89.76,103.3,10.6,55.18,0.0,0.0,263.33,,0.0,7.67,49.55,210.49,0.0,22.33,0.0,21.65,7.87,61.47,0.0,0.0,82.94,4.32
2023-11-27,22.13,53.77,0.0,214.16,60.18,92.93,0.0,12.08,89.76,103.3,10.6,55.18,0.0,0.0,263.33,,0.0,7.67,49.55,210.49,0.0,22.33,0.0,21.65,7.87,61.47,0.0,0.0,82.94,4.32
2023-11-28,22.15,54.33,0.0,214.28,60.65,93.48,0.0,12.15,90.28,104.24,10.61,55.73,0.0,0.0,263.47,0.25,0.0,7.79,50.04,210.57,0.0,22.33,0.0,21.66,7.94,61.78,0.0,0.0,82.97,4.37
2023-11-29,22.13,54.52,0.0,214.16,60.86,93.75,0.0,12.19,90.61,104.8,10.6,56.06,0.0,0.0,263.28,0.25,0.0,7.8,50.67,210.41,0.0,22.31,0.0,21.65,8.02,61.99,0.0,0.0,82.92,4.37
2023-11-30,22.13,54.39,0.0,213.88,60.72,94.21,0.0,12.16,90.38,104.69,10.58,56.09,0.0,0.0,263.37,0.25,0.0,7.76,50.59,210.13,0.0,22.32,0.0,21.64,7.99,61.92,0.0,0.0,82.92,4.34
2023-12-01,22.12,54.16,0.0,214.08,60.85,93.97,0.0,12.08,89.77,104.17,10.57,55.71,0.0,0.0,262.71,0.25,0.0,7.66,50.51,210.32,0.0,22.31,0.0,21.63,7.89,61.65,0.0,0.0,82.88,4.31
2023-12-02,22.11,54.58,0.0,212.96,61.01,94.34,0.0,12.05,89.58,104.54,10.57,56.12,0.0,0.0,262.58,0.25,0.0,7.58,50.77,209.23,0.0,22.29,0.0,21.62,7.82,61.73,0.0,0.0,82.82,4.29
2023-12-03,22.11,54.58,0.0,212.96,61.01,94.34,0.0,12.05,89.58,104.54,10.57,56.12,0.0,0.0,262.58,0.25,0.0,7.58,50.77,209.23,0.0,22.29,0.0,21.62,7.82,61.73,0.0,0.0,82.82,4.29
2023-12-04,22.12,54.6,0.0,208.49,60.98,94.45,0.0,12.05,89.57,104.43,10.57,56.22,0.0,0.0,262.73,0.25,0.0,7.74,50.78,210.48,0.0,22.31,0.0,21.65,7.96,61.77,0.0,0.0,82.87,4.36
2023-12-05,22.15,54.01,0.0,215.76,60.81,94.28,0.0,11.99,89.32,104.17,10.55,56.08,,0.0,263.24,0.25,0.0,7.61,50.53,211.28,0.0,22.3,,21.68,7.91,61.62,0.0,0.0,82.98,4.32
2023-12-06,22.14,54.05,0.0,214.17,60.78,94.0,0.0,11.97,88.93,103.97,10.58,56.03,0.0,0.0,262.89,0.25,0.0,7.58,50.54,210.48,0.0,22.32,0.0,21.68,7.9,61.54,0.0,0.0,82.95,4.29
2023-12-07,22.15,53.79,0.0,214.14,60.68,94.13,0.0,11.95,88.79,103.66,10.59,56.87,0.0,0.0,263.37,0.25,0.0,7.55,50.25,210.54,0.0,22.33,0.0,21.66,7.92,61.57,0.0,0.0,82.96,4.29
2023-12-08,22.14,54.18,0.0,214.12,60.77,93.98,0.0,11.96,88.9,103.83,10.58,57.37,0.0,0.0,263.45,0.25,0.0,7.63,50.5,210.48,0.0,22.32,0.0,21.66,7.97,61.71,0.0,0.0,82.95,4.33
2023-12-09,22.14,54.18,0.0,214.12,60.77,93.98,0.0,11.96,88.9,103.83,10.58,57.37,0.0,0.0,263.45,0.25,0.0,7.63,50.5,210.48,0.0,22.32,0.0,21.66,7.97,61.71,0.0,0.0,82.95,4.33
2023-12-10,22.14,54.18,0.0,214.12,60.77,93.98,0.0,11.96,88.9,103.83,10.58,57.37,0.0,0.0,263.45,0.25,0.0,7.63,50.5,210.48,0.0,22.32,0.0,21.66,7.97,61.71,0.0,0.0,82.95,4.33
2023-12-11,22.15,53.77,0.0,214.24,60.72,93.52,0.0,11.93,88.66,103.41,10.59,56.45,0.0,0.0,263.36,0.25,0.0,7.57,50.04,210.55,0.0,22.33,0.0,21.67,7.9,61.39,0.0,0.0,82.98,4.28
2023-12-12,22.14,54.06,0.0,214.26,60.87,93.8,0.0,11.94,88.72,103.7,10.6,56.67,0.0,0.0,263.27,0.25,0.0,7.56,50.39,210.56,0.0,22.33,0.0,21.66,7.9,61.46,0.0,0.0,82.97,4.26
2023-12-13,22.15,53.77,0.0,214.25,60.7,93.95,0.0,11.96,88.89,103.54,10.59,56.7,0.0,0.0,263.17,0.25,0.0,7.55,50.05,210.56,0.0,22.33,0.0,21.66,7.92,61.39,0.0,0.0,82.98,4.28
2023-12-14,22.13,54.97,0.0,214.05,61.15,94.42,0.0,12.07,89.69,104.09,10.58,58.11,0.0,0.0,263.42,0.25,0.0,7.7,50.96,210.38,0.0,22.31,0.0,21.64,8.04,61.97,0.0,0.0,82.9,4.35
2023-12-15,22.09,54.93,0.0,213.7,61.48,94.6,0.0,12.16,90.39,105.05,10.57,57.99,0.0,0.0,263.44,0.25,0.0,7.89,50.8,210.01,0.0,22.27,0.0,21.6,8.07,61.97,0.0,0.0,82.75,4.46
2023-12-16,22.06,54.72,0.0,213.38,61.34,94.27,0.0,12.04,89.53,104.25,10.55,57.85,0.0,0.0,262.99,0.25,0.0,7.88,50.66,209.74,0.0,22.25,0.0,21.57,8.0,61.59,0.0,0.0,82.65,4.32
2023-12-17,22.06,54.72,0.0,213.38,61.34,94.27,0.0,12.04,89.53,104.25,10.55,57.85,0.0,0.0,262.99,0.25,0.0,7.88,50.66,209.74,0.0,22.25,0.0,21.57,8.0,61.59,0.0,0.0,82.65,4.32
2023-12-18,22.04,54.82,0.0,206.88,61.38,94.12,0.0,12.04,89.46,104.19,10.55,57.78,0.0,0.0,262.73,0.25,0.0,7.88,50.87,209.74,0.0,22.22,0.0,21.58,8.03,61.62,0.0,0.0,82.57,4.43
2023-12-19,22.1,55.09,0.0,213.75,61.5,94.77,0.0,12.11,89.97,104.55,10.58,56.87,0.0,0.0,263.27,0.25,0.0,7.97,50.99,210.11,0.0,22.28,0.0,21.61,8.09,61.78,0.0,0.0,82.78,4.38
2023-12-20,22.09,55.41,0.0,213.75,61.66,95.34,0.0,12.12,90.09,104.09,10.57,57.44,0.0,0.0,263.37,0.25,0.0,8.04,51.37,210.08,0.0,22.28,0.0,21.61,8.12,61.91,0.0,0.0,82.77,4.43
2023-12-21,22.09,55.23,0.0,213.78,61.61,95.15,0.0,12.11,89.99,103.93,10.57,57.58,0.0,0.0,263.44,0.25,0.0,7.98,51.1,210.07,0.0,22.28,0.0,21.61,8.13,61.9,0.0,0.0,82.78,4.44
2023-12-22,22.12,55.74,0.0,213.91,62.04,96.12,0.0,12.2,90.7,104.84,10.57,57.98,0.0,0.0,263.93,0.25,0.0,8.1,51.53,210.25,0.0,22.3,0.0,21.63,8.23,62.23,0.0,0.0,82.85,4.41
2023-12-23,22.12,55.74,0.0,213.91,62.04,96.12,0.0,12.2,90.7,104.84,10.57,57.98,0.0,0.0,263.93,0.25,0.0,8.1,51.53,210.25,0.0,22.3,0.0,21.63,8.23,62.23,0.0,0.0,82.85,4.41
2023-12-24,22.12,55.74,0.0,213.91,62.04,96.12,0.0,12.2,90.7,104.84,10.57,57.98,0.0,0.0,263.93,0.25,0.0,8.1,51.53,210.25,0.0,22.3,0.0,21.63,8.23,62.23,0.0,0.0,82.85,4.41
2023-12-25,22.12,55.74,0.0,213.91,62.04,96.12,0.0,12.2,90.7,104.84,10.57,57.98,0.0,0.0,263.93,0.25,0.0,8.1,51.53,210.25,0.0,22.3,0.0,21.63,8.23,62.23,0.0,0.0,82.85,4.41
2023-12-26,22.09,55.78,0.0,213.92,62.1,95.95,0.0,12.2,90.66,104.58,10.56,57.9,0.0,0.0,263.7,0.25,0.0,8.11,51.68,210.23,0.0,22.28,0.0,21.62,8.27,62.25,0.0,0.0,82.77,4.39
2023-12-27,22.1,55.97,0.0,214.31,62.4,96.13,0.0,12.21,90.74,104.74,10.57,57.79,0.0,0.0,263.82,0.25,0.0,8.13,51.81,210.61,0.0,22.29,0.0,21.64,8.26,62.2,0.0,0.0,82.81,4.36
2023-12-28,22.12,56.22,0.0,214.0,62.44,97.75,0.0,12.31,91.53,105.57,10.57,58.32,0.0,0.0,264.16,0.25,0.0,8.21,52.07,210.34,0.0,22.31,0.0,21.64,8.33,62.56,0.0,0.0,82.88,4.43
2023-12-29,22.09,55.92,0.0,213.72,62.22,97.26,0.0,12.24,90.96,104.77,10.56,58.21,0.0,0.0,263.59,0.25,0.0,8.09,51.86,210.03,0.0,22.27,0.0,21.61,8.26,62.38,0.0,0.0,82.76,4.37
2023-12-30,22.09,55.78,0.0,213.77,62.05,97.53,0.0,12.21,90.88,104.83,10.56,58.39,0.0,0.0,263.68,0.25,0.0,8.09,51.7,210.08,0.0,22.28,0.0,21.62,8.19,62.3,0.0,0.0,82.78,4.43
2023-12-31,22.09,55.78,0.0,213.77,62.05,97.53,0.0,12.21,90.88,104.83,10.56,58.39,0.0,0.0,263.68,0.25,0.0,8.09,51.7,210.08,0.0,22.28,0.0,21.62,8.19,62.3,0.0,0.0,82.78,4.43
